run_id,kernel_name,x_0,mu,std,acquisition,selected
1,Square Exponential,0.2,0.778144417901488,0.6147751790796281,2.0076947760607444,True
1,Square Exponential,0.2241206030150754,0.7919927301054724,0.5981153071895584,1.9882233444845894,False
1,Square Exponential,0.24824120603015076,0.8055910028152642,0.5811095579569187,1.9678101187291015,False
1,Square Exponential,0.2723618090452261,0.8189173413305303,0.5637719424528014,1.9464612262361332,False
1,Square Exponential,0.2964824120603015,0.8319499372234627,0.5461177160699269,1.9241853693633164,False
1,Square Exponential,0.3206030150753769,0.8446671241968995,0.528163372428052,1.9009938690530035,False
1,Square Exponential,0.34472361809045227,0.8570474346557498,0.5099266328442568,1.8769007003442635,False
1,Square Exponential,0.3688442211055276,0.8690696568033448,0.4914264313273974,1.8519225194581397,False
1,Square Exponential,0.392964824120603,0.8807128920684563,0.4726828950832881,1.8260786822350323,False
1,Square Exponential,0.4170854271356784,0.8919566126636582,0.4537173205483272,1.7993912537603127,False
1,Square Exponential,0.44120603015075377,0.902780719071461,0.43455214500564565,1.7718850090827523,False
1,Square Exponential,0.4653266331658292,0.9131655972513043,0.4152109138814275,1.7435874250141592,False
1,Square Exponential,0.4894472361809045,0.9230921753580421,0.39571824387297366,1.7145286631039895,False
1,Square Exponential,0.5135678391959799,0.932541979761056,0.37609978212918954,1.684741544019435,False
1,Square Exponential,0.5376884422110553,0.9414971901525858,0.35638216179615917,1.6542615137449042,False
1,Square Exponential,0.5618090452261306,0.9499406935343131,0.3365929543676774,1.623126602269668,False
1,Square Exponential,0.585929648241206,0.9578561368726604,0.31676061946339573,1.5913773757994518,False
1,Square Exponential,0.6100502512562813,0.965227978215702,0.2969144529297666,1.5590568840752352,False
1,Square Exponential,0.6341708542713568,0.9720415360680222,0.27708453458017474,1.5262106052283717,False
1,Square Exponential,0.6582914572864322,0.9782830368242729,0.25730167756511363,1.4928863919545001,False
1,Square Exponential,0.6824120603015076,0.9839396600676135,0.23759738248249984,1.4591344250326133,False
1,Square Exponential,0.7065326633165829,0.9889995815455891,0.21800380126605637,1.4250071840777019,False
1,Square Exponential,0.7306532663316583,0.993452013643333,0.19855371934570068,1.3905594523347344,False
1,Square Exponential,0.7547738693467336,0.99728724318224,0.17928057104998932,1.3558483852822187,False
1,Square Exponential,0.778894472361809,1.000496666381374,0.16021851598118336,1.3209336983437407,False
1,Square Exponential,0.8030150753768843,1.003072820828869,0.14140263074638396,1.285878082321637,False
1,Square Exponential,0.8271356783919597,1.005009414321356,0.12286933008226984,1.2507480744858956,False
1,Square Exponential,0.8512562814070352,1.0063013504409763,0.10465727660169775,1.2156159036443719,False
1,Square Exponential,0.8753768844221106,1.0069447507517857,0.08680943062087425,1.180563611993534,False
1,Square Exponential,0.8994974874371859,1.0069369735102072,0.06937810322378628,1.1456931799577796,False
1,Square Exponential,0.9236180904522613,1.0062766287976475,0.05243935796944455,1.1111553447365365,False
1,Square Exponential,0.9477386934673366,1.0049635899973417,0.036144557187229774,1.0772527043718012,False
1,Square Exponential,0.971859296482412,1.0029990015518826,0.020990059017993275,1.044979119587869,False
1,Square Exponential,0.9959798994974873,1.0003852829526598,0.010349818361607203,1.0210849196758742,False
1,Square Exponential,1.0201005025125627,0.9971261289274762,0.016072972977514276,1.0292720748825048,False
1,Square Exponential,1.0442211055276382,0.9932265058078906,0.02906030506901344,1.0513471159459176,False
1,Square Exponential,1.0683417085427136,0.9886926440732211,0.042593992804050164,1.0738806296813215,False
1,Square Exponential,1.092462311557789,0.9835320270836205,0.05581292881825175,1.095157884720124,False
1,Square Exponential,1.1165829145728643,0.9777533760300607,0.0685115981414717,1.114776572313004,False
1,Square Exponential,1.1407035175879396,0.9713666311443956,0.0806050107020937,1.132576652548583,False
1,Square Exponential,1.164824120603015,0.9643829292278191,0.09204363228378769,1.1484701937953945,False
1,Square Exponential,1.1889447236180903,0.9568145775709294,0.1027919735375623,1.162398524646054,False
1,Square Exponential,1.2130653266331657,0.9486750243531423,0.11282153759359906,1.1743180995403404,False
1,Square Exponential,1.237185929648241,0.9399788256233429,0.12210806316754413,1.1841949519584312,False
1,Square Exponential,1.2613065326633166,0.9307416089773,0.130630317656381,1.192002244290062,False
1,Square Exponential,1.285427135678392,0.9209800340604661,0.13836952921142404,1.197719092483314,False
1,Square Exponential,1.3095477386934673,0.9107117500372501,0.14530910934038116,1.2013299687180123,False
1,Square Exponential,1.3336683417085426,0.8999553501796306,0.15143451747914916,1.2028243851379288,False
1,Square Exponential,1.357788944723618,0.888730323739028,0.1567331985008626,1.2021967207407531,False
1,Square Exponential,1.3819095477386933,0.8770570052755905,0.16119455875164324,1.1994461227788769,False
1,Square Exponential,1.4060301507537687,0.8649565216284585,0.16480996243117746,1.1945764464908133,False
1,Square Exponential,1.430150753768844,0.8524507367190802,0.16757273823366053,1.1875962131864013,False
1,Square Exponential,1.4542713567839194,0.8395621943872489,0.1694781904324656,1.17851857525218,False
1,Square Exponential,1.478391959798995,0.8263140594661506,0.17052361095914473,1.16736128138444,False
1,Square Exponential,1.5025125628140703,0.8127300573083733,0.17070829041159977,1.1541466381315728,False
1,Square Exponential,1.5266331658291457,0.7988344119794579,0.17003352678883174,1.1389014655571215,False
1,Square Exponential,1.550753768844221,0.7846517833391998,0.1685026313374489,1.1216570460140975,False
1,Square Exponential,1.5748743718592964,0.7702072032335028,0.16612093135257616,1.102449065938655,False
1,Square Exponential,1.5989949748743717,0.7555260110211487,0.16289577020212595,1.0813175514254005,False
1,Square Exponential,1.623115577889447,0.7406337886603823,0.15883650532745666,1.0583067993152957,False
1,Square Exponential,1.6472361809045226,0.7255562955797286,0.15395450562281887,1.0334653068253663,False
1,Square Exponential,1.671356783919598,0.7103194035559732,0.14826315057627235,1.006845704708518,False
1,Square Exponential,1.6954773869346733,0.6949490318197658,0.14177783515618728,0.9785047021321402,False
1,Square Exponential,1.7195979899497487,0.6794710826058852,0.13451598720181315,0.9485030570095114,False
1,Square Exponential,1.743718592964824,0.6639113773608512,0.1264971091335209,0.916905595627893,False
1,Square Exponential,1.7678391959798994,0.6482955938153294,0.11774286549928598,0.8837813248139014,False
1,Square Exponential,1.7919597989949747,0.6326492041226841,0.10827725755088566,0.8492037192244555,False
1,Square Exponential,1.81608040201005,0.6169974142581469,0.0981269686060139,0.8132513514701747,False
1,Square Exponential,1.8402010050251254,0.6013651048654166,0.08732206334717947,0.7760092315597755,False
1,Square Exponential,1.864321608040201,0.5857767737291556,0.07589747916005353,0.7375717320492626,False
1,Square Exponential,1.8884422110552763,0.5702564800428553,0.06389648388477406,0.6980494478124035,False
1,Square Exponential,1.9125628140703517,0.5548277906319475,0.05137975839773044,0.6575873074274085,False
1,Square Exponential,1.936683417085427,0.5395137282819299,0.038454151083173634,0.6164220304482771,False
1,Square Exponential,1.9608040201005024,0.5243367223106864,0.025394896289374438,0.5751265148894352,False
1,Square Exponential,1.9849246231155777,0.5093185615131961,0.013497899156002347,0.5363143598252008,False
1,Square Exponential,2.0090452261306533,0.49448034959549947,0.011490993918718662,0.5174623374329368,False
1,Square Exponential,2.033165829145729,0.47984246320319296,0.023088659168151414,0.5260197815394958,False
1,Square Exponential,2.057286432160804,0.46542451263790474,0.03769223549383281,0.5408089836255704,False
1,Square Exponential,2.0814070351758795,0.4512453053432642,0.05316585637555307,0.5575770180943703,False
1,Square Exponential,2.1055276381909547,0.4373228122298346,0.06912636148124117,0.575575535192317,False
1,Square Exponential,2.1296482412060302,0.4236741368964227,0.08543711953289378,0.5945483759622102,False
1,Square Exponential,2.1537688442211054,0.4103154877931877,0.10202113990437789,0.6143577676019435,False
1,Square Exponential,2.177889447236181,0.3972621533600415,0.1188212771019539,0.6349047075639493,False
1,Square Exponential,2.2020100502512565,0.3845284801621104,0.135788411288687,0.6561053027394843,False
1,Square Exponential,2.2261306532663316,0.3721278540324762,0.1528771397216231,0.6778821334757223,False
1,Square Exponential,2.250251256281407,0.36007268422116273,0.1700439857523959,0.7001606557259545,False
1,Square Exponential,2.2743718592964823,0.34837439053837116,0.18724659310975875,0.7228675767578887,False
1,Square Exponential,2.298492462311558,0.3370433934693793,0.2044433524775393,0.7459300984244579,False
1,Square Exponential,2.3226130653266335,0.32608910722832973,0.22159323499706224,0.7692755772224542,False
1,Square Exponential,2.3467336683417086,0.3155199357083691,0.23865573167273266,0.7928313990538345,False
1,Square Exponential,2.370854271356784,0.30534327127632976,0.2555908497714823,0.8165249708192943,False
1,Square Exponential,2.3949748743718593,0.29556549635136337,0.2723591409665831,0.8402837782845296,False
1,Square Exponential,2.419095477386935,0.2861919876986813,0.28892174745536436,0.8640354826094101,False
1,Square Exponential,2.44321608040201,0.2772271233618705,0.30524045817125905,0.8877080397043886,False
1,Square Exponential,2.4673366834170856,0.26867429215010796,0.3212777703838571,0.9112298329178221,False
1,Square Exponential,2.4914572864321607,0.26053590559007,0.33699695376449573,0.9345298131190615,False
1,Square Exponential,2.5155778894472363,0.25281341224635767,0.3523621150369292,0.9575376423202161,False
1,Square Exponential,2.539698492462312,0.24550731430892572,0.36733826196322683,0.9801838382353794,False
1,Square Exponential,2.563819095477387,0.23861718634123155,0.3818913658096444,1.0023999179605203,False
1,Square Exponential,2.5879396984924625,0.23214169607867843,0.3959884216922305,1.0241185394631394,False
1,Square Exponential,2.6120603015075377,0.22607862716336696,0.4095975063721275,1.045273639907622,False
1,Square Exponential,2.636180904522613,0.2204249036981908,0.4226878331877786,1.065800570073748,False
1,Square Exponential,2.6603015075376883,0.2151766165009274,0.43522980389468674,1.0856362242903008,False
1,Square Exponential,2.684422110552764,0.21032905093713056,0.44719505724465936,1.1047191654264492,False
1,Square Exponential,2.708542713567839,0.20587671620934972,0.4585565141828769,1.1229897445751036,False
1,Square Exponential,2.7326633165829146,0.2018133759794315,0.46928841957733985,1.1403902151341112,False
1,Square Exponential,2.75678391959799,0.1981320802004034,0.47936638042419744,1.1568648410487983,False
1,Square Exponential,2.7809045226130653,0.19482519803465764,0.4887674004961899,1.1723599990270375,False
1,Square Exponential,2.805025125628141,0.1918844517358314,0.4974699114212036,1.1868242745782387,False
1,Square Exponential,2.829145728643216,0.18930095137288616,0.5054538001946445,1.200208551762175,False
1,Square Exponential,2.8532663316582916,0.18706523027639457,0.5127004331436246,1.2124660965636438,False
1,Square Exponential,2.8773869346733667,0.1851672810889291,0.5191926763732125,1.2235526338353542,False
1,Square Exponential,2.9015075376884423,0.18359659230366787,0.524914912735562,1.2334264177747918,False
1,Square Exponential,2.925628140703518,0.1823421851778796,0.529853055371819,1.2420482959215176,False
1,Square Exponential,2.949748743718593,0.1813926509107715,0.5339945578845007,1.2493817666797729,False
1,Square Exponential,2.9738693467336685,0.1807361879782728,0.5373284212046574,1.2553930303875875,False
1,Square Exponential,2.9979899497487437,0.180360639520633,0.539845197223724,1.260051033968081,False
1,Square Exponential,3.0221105527638192,0.18025353068222694,0.5415369892646075,1.2633275092114418,False
1,Square Exponential,3.0462311557788944,0.180402105806638,0.5423974494703564,1.2651970047473509,False
1,Square Exponential,3.07035175879397,0.1807933653939162,0.5424217731918088,1.265636911777534,False
1,Square Exponential,3.0944723618090455,0.1814141027308535,0.5416066904579964,1.2646274836468463,False
1,Square Exponential,3.1185929648241206,0.18225094010915316,0.5399504546148821,1.2621518493389174,False
1,Square Exponential,3.142713567839196,0.18329036455048048,0.53745282821935,1.2581960209891805,False
1,Square Exponential,3.1668341708542713,0.18451876296153766,0.534115066276294,1.2527488955141257,False
1,Square Exponential,3.190954773869347,0.18592245664649226,0.5299398969073245,1.2458022504611412,False
1,Square Exponential,3.215075376884422,0.1874877351082791,0.5249314995401098,1.2373507341884986,False
1,Square Exponential,3.2391959798994976,0.18920088907448673,0.5190954807078247,1.2273918504901362,False
1,Square Exponential,3.2633165829145727,0.19104824268769874,0.5124388475487381,1.215925937785175,False
1,Square Exponential,3.2874371859296483,0.19301618480428717,0.504969979096804,1.2029561429978952,False
1,Square Exponential,3.311557788944724,0.19509119934973013,0.4966985954554152,1.1884883902605605,False
1,Square Exponential,3.335678391959799,0.1972598946825414,0.4876357249485139,1.1725313445795693,False
1,Square Exponential,3.3597989949748746,0.19950903192284347,0.47779366934631934,1.1550963706154822,False
1,Square Exponential,3.3839195979899497,0.20182555220548493,0.4671859672675219,1.1361974867405287,False
1,Square Exponential,3.4080402010050252,0.20419660282138535,0.45582735586646334,1.115851314554312,False
1,Square Exponential,3.4321608040201004,0.20660956221448715,0.44373373092348234,1.094077024061452,False
1,Square Exponential,3.456281407035176,0.2090520638052978,0.4309221054704958,1.0708962747462893,False
1,Square Exponential,3.480402010050251,0.21151201861551294,0.4174105671039084,1.0463331528233297,False
1,Square Exponential,3.5045226130653266,0.21397763667162553,0.4032182341659493,1.0204141050035243,False
1,Square Exponential,3.528643216080402,0.21643744716874327,0.3883652110180425,0.9931678692048282,False
1,Square Exponential,3.5527638190954773,0.21888031737905625,0.37287254269284664,0.9646254027647495,False
1,Square Exponential,3.576884422110553,0.22129547029252697,0.3567621693067959,0.9348198089061187,False
1,Square Exponential,3.601005025125628,0.2236725009804056,0.34005688076142276,0.9037862625032511,False
1,Square Exponential,3.6251256281407036,0.22600139167512306,0.3227802724922724,0.8715619366596679,False
1,Square Exponential,3.6492462311557787,0.22827252556296782,0.3049567033962499,0.8381859323554677,False
1,Square Exponential,3.6733668341708543,0.23047669928872858,0.2866112576858449,0.8036992146604184,False
1,Square Exponential,3.69748743718593,0.23260513417417653,0.26776971347694684,0.7681445611280702,False
1,Square Exponential,3.721608040201005,0.23464948615487688,0.24845852279635125,0.7315665317475794,False
1,Square Exponential,3.7457286432160806,0.23660185444235912,0.2287048111716773,0.6940114767857137,False
1,Square Exponential,3.7698492462311557,0.23845478892114602,0.208536411707312,0.6555276123357701,False
1,Square Exponential,3.7939698492462313,0.24020129629254205,0.18798196235801248,0.6161652210085671,False
1,Square Exponential,3.8180904522613064,0.2418348449794184,0.16707112530168555,0.5759770955827895,False
1,Square Exponential,3.842211055276382,0.24334936880850228,0.14583505873648583,0.5350194862814739,False
1,Square Exponential,3.8663316582914575,0.24473926948889077,0.12430745774878041,0.49335418498645156,False
1,Square Exponential,3.8904522613065327,0.24599941790765817,0.10252703161327832,0.45105348113421484,False
1,Square Exponential,3.9145728643216082,0.2471251542655173,0.08054420779862596,0.40821356986276924,False
1,Square Exponential,3.9386934673366834,0.24811228707752533,0.05844336239472356,0.3649990118669725,False
1,Square Exponential,3.962814070351759,0.24895709106580097,0.03644664915199597,0.32185038936979293,False
1,Square Exponential,3.986934673366834,0.24965630397312566,0.015889833305070437,0.2814359705832665,False
1,Square Exponential,4.011055276381909,0.2502071223281579,0.014490662764464823,0.2791884478570875,False
1,Square Exponential,4.035175879396984,0.25060719619477356,0.03489692563920959,0.32040104747319276,False
1,Square Exponential,4.05929648241206,0.25085462293976657,0.05733992725171878,0.3655344774432041,False
1,Square Exponential,4.083417085427135,0.2509479400547986,0.08016926037853041,0.4112864608118594,False
1,Square Exponential,4.107537688442211,0.25088611707006353,0.10313808626385775,0.45716228959777905,False
1,Square Exponential,4.131658291457287,0.25066854659864085,0.12615849914135013,0.5029855448813412,False
1,Square Exponential,4.155778894472362,0.25029503455193225,0.14918058840340676,0.5486562113587458,False
1,Square Exponential,4.179899497487437,0.24976578956791937,0.17216753960998535,0.59410086878789,False
1,Square Exponential,4.204020100502513,0.249081411695228,0.19508827958566716,0.6392579708665623,False
1,Square Exponential,4.228140703517588,0.2482428803771428,0.21791478631236597,0.6840724530018747,False
1,Square Exponential,4.252261306532663,0.2472515417807736,0.24062095871237776,0.7284934592055291,False
1,Square Exponential,4.276381909547739,0.2461090955175273,0.26318209650322094,0.7724732885239691,False
1,Square Exponential,4.300502512562814,0.24481758080188545,0.2855746473827766,0.8159668755674386,False
1,Square Exponential,4.324623115577889,0.24337936209621625,0.30777608173246834,0.8589315255611529,False
1,Square Exponential,4.3487437185929645,0.2417971142899658,0.32976483210180163,0.901326778493569,False
1,Square Exponential,4.3728643216080405,0.24007380746205884,0.35152026707981515,0.9431143416216892,False
1,Square Exponential,4.396984924623116,0.23821269127570596,0.3730226838652176,0.9842580590061412,False
1,Square Exponential,4.421105527638191,0.23621727905504286,0.3942533109930285,1.0247239010410998,False
1,Square Exponential,4.445226130653267,0.23409133159312956,0.4151943163481627,1.064479964289455,False
1,Square Exponential,4.469346733668342,0.23183884074079586,0.43582881757743397,1.1034964758956638,False
1,Square Exponential,4.493467336683417,0.22946401282564433,0.45614089312636913,1.1417457990783826,False
1,Square Exponential,4.517587939698492,0.22697125195020554,0.47611559277917953,1.1792024375085646,False
1,Square Exponential,4.541708542713568,0.2243651432177809,0.4957389469752275,1.215843037168236,False
1,Square Exponential,4.565829145728643,0.22165043593391026,0.5149979744227333,1.2516463847793768,False
1,Square Exponential,4.589949748743718,0.21883202683065922,0.5338806876907103,1.2865934022120797,False
1,Square Exponential,4.6140703517587935,0.21591494336004502,0.5523760965672935,1.3206671364946319,False
1,Square Exponential,4.63819095477387,0.21290432710189772,0.5704742090469054,1.3538527451957085,False
1,Square Exponential,4.662311557788945,0.20980541733030533,0.5881660298618996,1.3861374770541044,False
1,Square Exponential,4.68643216080402,0.206623534781504,0.6054435565138919,1.4175106478092878,False
1,Square Exponential,4.710552763819096,0.2033640656646672,0.6222997727904211,1.4479636112455094,False
1,Square Exponential,4.734673366834171,0.2000324459555127,0.6387286397768477,1.477489725509208,False
1,Square Exponential,4.758793969849246,0.1966341460109948,0.6547250843933362,1.5060843147976672,False
1,Square Exponential,4.782914572864321,0.19317465554159455,0.6702849855035937,1.533744626548782,False
1,Square Exponential,4.807035175879397,0.18965946897585184,0.6854051576566008,1.5604697842890536,False
1,Square Exponential,4.831155778894472,0.18609407124982927,0.7000833325353671,1.5862607363205636,False
1,Square Exponential,4.8552763819095475,0.18248392405214703,0.7143181381981522,1.6111202004484513,False
1,Square Exponential,4.8793969849246235,0.17883445255310793,0.7281090762078275,1.635052604968763,False
1,Square Exponential,4.903517587939699,0.1751510326442335,0.7414564967543228,1.6580640261528792,False
1,Square Exponential,4.927638190954774,0.1714389787122763,0.7543615718834458,1.6801621224791679,False
1,Square Exponential,4.951758793969849,0.16770353196947244,0.7668262669528872,1.701356065875247,False
1,Square Exponential,4.975879396984925,0.1639498493594476,0.77885331044297,1.7216564702453876,False
1,Square Exponential,5.0,0.16018299305581768,0.7904461622556718,1.7410753175671612,False
2,Square Exponential,0.2,4.998883250337014,0.009998677330976948,5.0188806049989685,True
2,Square Exponential,0.2241206030150754,4.89773941986833,0.0141964412543967,4.926132302377123,False
2,Square Exponential,0.24824120603015076,4.7928300860657975,0.02213678667729372,4.837103659420385,False
2,Square Exponential,0.2723618090452261,4.684360774358355,0.03043436929397176,4.745229512946299,False
2,Square Exponential,0.2964824120603015,4.572546627005366,0.03837712017746097,4.649300867360288,False
2,Square Exponential,0.3206030150753769,4.457611806892218,0.045765749506242466,4.549143305904703,False
2,Square Exponential,0.34472361809045227,4.339788864290323,0.052522921878531685,4.444834708047386,False
2,Square Exponential,0.3688442211055276,4.219318068848594,0.05861177138789448,4.336541611624383,False
2,Square Exponential,0.392964824120603,4.09644670926367,0.06401275412034886,4.224472217504368,False
2,Square Exponential,0.4170854271356784,3.9714283632456855,0.06871546675371559,4.108859296753117,False
2,Square Exponential,0.44120603015075377,3.844522140553935,0.0727152749029078,3.989952690359751,False
2,Square Exponential,0.4653266331658292,3.7159919020214875,0.07601175717185966,3.868015416365207,False
2,Square Exponential,0.4894472361809045,3.5861054576188787,0.07860792086998834,3.7433212993588554,False
2,Square Exponential,0.5135678391959799,3.4551337467232663,0.08050977622781,3.6161532991788863,False
2,Square Exponential,0.5376884422110553,3.323350003860619,0.08172608879314183,3.486802181446903,False
2,Square Exponential,0.5618090452261306,3.191028913273402,0.08226822510556941,3.3555653634845406,False
2,Square Exponential,0.585929648241206,3.0584457557347946,0.0821500494208662,3.222745854576527,False
2,Square Exponential,0.6100502512562813,2.9258755510817434,0.08138784995169329,3.08865125098513,False
2,Square Exponential,0.6341708542713568,2.7935921999732116,0.08000028409729337,2.9535927681677983,False
2,Square Exponential,0.6582914572864322,2.6618676283962195,0.0780083388592221,2.8178843061146637,False
2,Square Exponential,0.6824120603015076,2.5309709384406025,0.07543530782078287,2.681841554082168,False
2,Square Exponential,0.7065326633165829,2.401167568843978,0.07230679153640979,2.5457811519167977,False
2,Square Exponential,0.7306532663316583,2.272718468771009,0.068650735864143,2.410019940499295,False
2,Square Exponential,0.7547738693467336,2.1458792882358857,0.06449753575351051,2.2748743597429066,False
2,Square Exponential,0.778894472361809,2.020899588504565,0.05988025639779424,2.1406601013001536,False
2,Square Exponential,0.8030150753768843,1.8980220757235644,0.054835073148251326,2.0076922220200673,False
2,Square Exponential,0.8271356783919597,1.7774818609161143,0.049402139334312,1.8762861395847383,False
2,Square Exponential,0.8512562814070352,1.6595057493641567,0.04362734458194284,1.7467604385280424,False
2,Square Exponential,0.8753768844221106,1.5443115622573655,0.03756607905939543,1.6194437203761565,False
2,Square Exponential,0.8994974874371859,1.4321074933382008,0.031291995651903784,1.4946914846420083,False
2,Square Exponential,0.9236180904522613,1.3230915031063475,0.024919924360169148,1.3729313518266857,False
2,Square Exponential,0.9477386934673366,1.2174507529675003,0.018675662821453585,1.2548020786104075,False
2,Square Exponential,0.971859296482412,1.115361081521069,0.013145387839750628,1.1416518572005703,False
2,Square Exponential,0.9959798994974873,1.0169865249807115,0.010063460446533218,1.0371134458737779,False
2,Square Exponential,1.0201005025125627,0.9224788835111459,0.011838658069180589,0.9461561996495071,False
2,Square Exponential,1.0442211055276382,0.8319773350460009,0.017117642929831495,0.8662126209056639,False
2,Square Exponential,1.0683417085427136,0.7456080979258468,0.02368431769591137,0.7929767333176696,False
2,Square Exponential,1.092462311557789,0.6634841434639274,0.03070062445657194,0.7248853923770713,False
2,Square Exponential,1.1165829145728643,0.5857049593112436,0.03786580943048956,0.6614365781722227,False
2,Square Exponential,1.1407035175879396,0.5123563642535052,0.04503801188735138,0.602432388028208,False
2,Square Exponential,1.164824120603015,0.4435103748316269,0.052130425314477584,0.5477712254605821,False
2,Square Exponential,1.1889447236180903,0.37922512393611996,0.059079003108195326,0.4973831301525106,False
2,Square Exponential,1.2130653266331657,0.3195448312853637,0.06583066962203366,0.451206170529431,False
2,Square Exponential,1.237185929648241,0.2644998254595663,0.07233843837585813,0.40917670221128255,False
2,Square Exponential,1.2613065326633166,0.21410661692764155,0.07855920014996025,0.37122501722756207,False
2,Square Exponential,1.285427135678392,0.16836802127441874,0.08445266232654841,0.33727334592751557,False
2,Square Exponential,1.3095477386934673,0.1272733316118666,0.08998082930094266,0.3072349902137519,False
2,Square Exponential,1.3336683417085426,0.09079853894152468,0.09510775489108257,0.28101404872368985,False
2,Square Exponential,1.357788944723618,0.058906599027185536,0.09979943861927293,0.2585054762657314,False
2,Square Exponential,1.3819095477386933,0.031547744138201494,0.10402380078954114,0.23959534571728378,False
2,Square Exponential,1.4060301507537687,0.008659837835553574,0.10775070143665612,0.2241612407088658,False
2,Square Exponential,1.430150753768844,-0.009831229204062986,0.11095198349354275,0.21207273778302252,False
2,Square Exponential,1.4542713567839194,-0.02401110449551158,0.11360152865835292,0.20319195282119426,False
2,Square Exponential,1.478391959798995,-0.03397650250481732,0.11567531898165828,0.19737413545849924,False
2,Square Exponential,1.5025125628140703,-0.03983469932009509,0.11715149984730608,0.19446830037451707,False
2,Square Exponential,1.5266331658291457,-0.041702995816442545,0.11801044165442066,0.19431788749239878,False
2,Square Exponential,1.550753768844221,-0.03970815200638356,0.11823479858691234,0.19676144516744112,False
2,Square Exponential,1.5748743718592964,-0.033985795361178184,0.11780956364670983,0.20163333193224148,False
2,Square Exponential,1.5989949748743717,-0.02467980596663466,0.1167221197997708,0.20876443363290695,False
2,Square Exponential,1.623115577889447,-0.011941681439661345,0.11496228777757397,0.2179828941154866,False
2,Square Exponential,1.6472361809045226,0.004070115421416887,0.11252237193972195,0.22911485930086078,False
2,Square Exponential,1.671356783919598,0.023190823248747883,0.10939720684637701,0.2419852369415019,False
2,Square Exponential,1.6954773869346733,0.04525005995963527,0.1055842091701855,0.2564184783000063,False
2,Square Exponential,1.7195979899497487,0.07007250883502714,0.10108344296467292,0.272239394764373,False
2,Square Exponential,1.743718592964824,0.09747860981822054,0.09589771243759503,0.2892740346934106,False
2,Square Exponential,1.7678391959798994,0.127285253060748,0.09003270808593543,0.3073506692326189,False
2,Square Exponential,1.7919597989949747,0.15930647178739976,0.08349725570915136,0.32630098320570244,False
2,Square Exponential,1.81608040201005,0.1933541316112417,0.07630376879451584,0.3459616692002734,False
2,Square Exponential,1.8402010050251254,0.22923861350192842,0.06846912323747757,0.36617685997688354,False
2,Square Exponential,1.864321608040201,0.266769487695631,0.06001647523987102,0.3868024381753731,False
2,Square Exponential,1.8884422110552763,0.3057561759320784,0.05097940662892098,0.40771498918992033,False
2,Square Exponential,1.9125628140703517,0.34600859951254304,0.0414126503426769,0.42883390019789686,False
2,Square Exponential,1.936683417085427,0.387337810791359,0.03142532110170687,0.4501884529947727,False
2,Square Exponential,1.9608040201005024,0.4295566058418969,0.021315851718341144,0.4721883092785792,False
2,Square Exponential,1.9849246231155777,0.47248011617478225,0.012385870823444287,0.4972518578216708,False
2,Square Exponential,2.0090452261306533,0.5159263775308134,0.011058380451881001,0.5380431384345754,False
2,Square Exponential,2.033165829145729,0.5597168739222451,0.01994412212886364,0.5996051181799724,False
2,Square Exponential,2.057286432160804,0.6036770552532436,0.03186379653739443,0.6674046483280324,False
2,Square Exponential,2.0814070351758795,0.6476368270118873,0.0448168070593861,0.7372704411306595,False
2,Square Exponential,2.1055276381909547,0.6914310106916866,0.05838581193507775,0.808202634561842,False
2,Square Exponential,2.1296482412060302,0.7348997737686531,0.07242285934961663,0.8797454924678864,False
2,Square Exponential,2.1537688442211054,0.7778890282298283,0.08684827296378723,0.9515855741574027,False
2,Square Exponential,2.177889447236181,0.8202507968198225,0.10160518912573002,1.0234611750712825,False
2,Square Exponential,2.2020100502512565,0.8618435463422147,0.11664571943473978,1.0951349852116943,False
2,Square Exponential,2.2261306532663316,0.9025324875219657,0.1319258443323146,1.166384176186595,False
2,Square Exponential,2.250251256281407,0.9421898411020802,0.1474032774994072,1.2369963961008945,False
2,Square Exponential,2.2743718592964823,0.9806950700120112,0.16303650410278642,1.306768078217584,False
2,Square Exponential,2.298492462311558,1.0179350776058167,0.17878433779851338,1.3755037532028433,False
2,Square Exponential,2.3226130653266335,1.0538043721239407,0.19460572767255782,1.4430158274690563,False
2,Square Exponential,2.3467336683417086,1.0882051976832936,0.21045969400173226,1.5091245856867581,False
2,Square Exponential,2.370854271356784,1.1210476322449714,0.2263053339411049,1.5736583001271813,False
2,Square Exponential,2.3949748743718593,1.1522496531472064,0.24210186660347136,1.636453386354149,False
2,Square Exponential,2.419095477386935,1.1817371709222038,0.2578087007963445,1.6973545725148926,False
2,Square Exponential,2.44321608040201,1.209444032238939,0.27338551578077497,1.756215063800489,False
2,Square Exponential,2.4673366834170856,1.235311992929413,0.2887923492482462,1.8128966914259053,False
2,Square Exponential,2.4914572864321607,1.259290662162706,0.30398968887034805,1.8672700399034021,False
2,Square Exponential,2.5155778894472363,1.2813374189293831,0.31893856503967954,1.9192145490087422,False
2,Square Exponential,2.539698492462312,1.3014173020878377,0.3336006431874367,1.9686185884627112,False
2,Square Exponential,2.563819095477387,1.319502875304086,0.34793831454502755,2.015379504394141,False
2,Square Exponential,2.5879396984924625,1.3355740682869979,0.36191478453033826,2.0594036373476743,False
2,Square Exponential,2.6120603015075377,1.3496179957820267,0.37549415815007725,2.1006063120821814,False
2,Square Exponential,2.636180904522613,1.361628755838145,0.38864152195654483,2.138911799751235,False
2,Square Exponential,2.6603015075376883,1.3716072089048503,0.4013230222033482,2.1742532533115466,False
2,Square Exponential,2.684422110552764,1.379560739349054,0.4135059389241035,2.206572617197261,False
2,Square Exponential,2.708542713567839,1.3855030010053588,0.42515875571983885,2.2358205124450365,False
2,Square Exponential,2.7326633165829146,1.3894536483880002,0.4362512250902468,2.261956098568494,False
2,Square Exponential,2.75678391959799,1.391438055198789,0.44675442918473074,2.2849469135682505,False
2,Square Exponential,2.7809045226130653,1.3914870217629745,0.4566408358836834,2.3047686935303413,False
2,Square Exponential,2.805025125628141,1.3896364730144604,0.46588435015021623,2.3214051733148926,False
2,Square Exponential,2.829145728643216,1.385927148633565,0.47446036061864416,2.3348478698708535,False
2,Square Exponential,2.8532663316582916,1.3804042869149324,0.48234578140914885,2.34509584973323,False
2,Square Exponential,2.8773869346733667,1.3731173039106748,0.489519089178671,2.352155482268017,False
2,Square Exponential,2.9015075376884423,1.3641194693548535,0.49596035543657024,2.356040180227994,False
2,Square Exponential,2.925628140703518,1.3534675808304217,0.5016512741701605,2.3567701291707426,False
2,Square Exponential,2.949748743718593,1.341221637589231,0.5065751848401067,2.3543720072694443,False
2,Square Exponential,2.9738693467336685,1.3274445153802041,0.510717090818923,2.3488786970180504,False
2,Square Exponential,2.9979899497487437,1.31220164358074,0.5140636733576397,2.3403289902960194,False
2,Square Exponential,3.0221105527638192,1.2955606858624065,0.5166033011761262,2.328767288214659,False
2,Square Exponential,3.0462311557788944,1.2775912255544912,0.5183260357817109,2.3142432971179128,False
2,Square Exponential,3.07035175879397,1.2583644567985537,0.5192236326286872,2.296811722055928,False
2,Square Exponential,3.0944723618090455,1.2379528825142112,0.519289538238136,2.276531958990483,False
2,Square Exponential,3.1185929648241206,1.2164300201216238,0.518518883403295,2.253467786928214,False
2,Square Exponential,3.142713567839196,1.1938701158898313,0.5169084726105957,2.2276870611110224,False
2,Square Exponential,3.1668341708542713,1.1703478687029307,0.5144567698105287,2.199261408323988,False
2,Square Exponential,3.190954773869347,1.1459381639583153,0.5111638806758181,2.168265925309951,False
2,Square Exponential,3.215075376884422,1.1207158182334915,0.5070315314871171,2.1347788812077257,False
2,Square Exponential,3.2391959798994976,1.0947553352805715,0.5020630447886806,2.0988814248579324,False
2,Square Exponential,3.2633165829145727,1.0681306738309573,0.49626331195841406,2.0606572977477855,False
2,Square Exponential,3.2874371859296483,1.0409150276173145,0.4896387628385133,2.020192553294341,False
2,Square Exponential,3.311557788944724,1.0131806179460308,0.4821973325748017,1.9775752830956341,False
2,Square Exponential,3.335678391959799,0.9849984990812936,0.47394842581513646,1.9328953507115665,False
2,Square Exponential,3.3597989949748746,0.9564383766320669,0.4649028784202256,1.886244133472518,False
2,Square Exponential,3.3839195979899497,0.9275684390657748,0.455072916844349,1.8377142727544729,False
2,Square Exponential,3.4080402010050252,0.8984552024077402,0.444472115349443,1.7873994331066263,False
2,Square Exponential,3.4321608040201004,0.8691633681235935,0.433115351224683,1.7353940705729594,False
2,Square Exponential,3.456281407035176,0.8397556941230527,0.42101875819639406,1.6817932105158409,False
2,Square Exponential,3.480402010050251,0.8102928787680417,0.40819967823175685,1.6266922352315554,False
2,Square Exponential,3.5045226130653266,0.7808334577159478,0.3946766119672538,1.5701866816504553,False
2,Square Exponential,3.528643216080402,0.7514337133802532,0.38046916803372666,1.5123720494477064,False
2,Square Exponential,3.5527638190954773,0.7221475967457541,0.3655980116113578,1.4533436199684697,False
2,Square Exponential,3.576884422110553,0.6930266612341919,0.3500848126416594,1.3931962865175107,False
2,Square Exponential,3.601005025125628,0.6641200082784546,0.3339521942688915,1.3320243968162377,False
2,Square Exponential,3.6251256281407036,0.6354742442294546,0.31722368231339465,1.269921608856244,False
2,Square Exponential,3.6492462311557787,0.6071334481894683,0.29992365695206014,1.2069807620935886,False
2,Square Exponential,3.6733668341708543,0.5791391503389948,0.282077308401521,1.143293767142037,False
2,Square Exponential,3.69748743718593,0.5515303203010534,0.2637105994645019,1.0789515192300572,False
2,Square Exponential,3.721608040201005,0.5243433650672096,0.24485023969275518,1.01404384445272,False
2,Square Exponential,3.7457286432160806,0.4976121359933842,0.2255236794239964,0.948659494841377,False
2,Square Exponential,3.7698492462311557,0.4713679443606143,0.20575913874645183,0.882886221853518,False
2,Square Exponential,3.7939698492462313,0.445639584986171,0.18558570036800692,0.8168109857221848,False
2,Square Exponential,3.8180904522613064,0.42045336736381406,0.1650335258105546,0.7505204189849233,False
2,Square Exponential,3.842211055276382,0.39583315380817663,0.14413432637194248,0.6841018065520617,False
2,Square Exponential,3.8663316582914575,0.37180040407731774,0.12292240816391603,0.6176452204051498,False
2,Square Exponential,3.8904522613065327,0.34837422594907747,0.10143716573225495,0.5512485574135874,False
2,Square Exponential,3.9145728643216082,0.32557143123094845,0.07972983684771641,0.48503110492638124,False
2,Square Exponential,3.9386934673366834,0.30340659668951697,0.05788590370664447,0.41917840410280593,False
2,Square Exponential,3.962814070351759,0.2818921293939481,0.03612964690330936,0.3541514232005668,False
2,Square Exponential,3.986934673366834,0.26103833597838255,0.015803133623137414,0.29264460322465735,False
2,Square Exponential,4.011055276381909,0.24085349534020545,0.014426490797847797,0.26970647693590105,False
2,Square Exponential,4.035175879396984,0.22134393430486948,0.03463571096712608,0.29061535623912166,False
2,Square Exponential,4.05929648241206,0.20251410580304244,0.05690609454083642,0.3163262948847153,False
2,Square Exponential,4.083417085427135,0.18436666912219782,0.07958068207603237,0.34352803327426257,False
2,Square Exponential,4.107537688442211,0.16690257181217463,0.10241028103236903,0.3717231338769127,False
2,Square Exponential,4.131658291457287,0.15012113284255815,0.12530577942509635,0.40073269169275083,False
2,Square Exponential,4.155778894472362,0.13402012662879997,0.1482163680701472,0.4304528627690944,False
2,Square Exponential,4.179899497487437,0.11859586756366106,0.17110444735677494,0.4608047622772109,False
2,Square Exponential,4.204020100502513,0.10384329471071195,0.1939382133909841,0.4917197214926802,False
2,Square Exponential,4.228140703517588,0.08975605633705352,0.2166889466484923,0.5231339496340381,False
2,Square Exponential,4.252261306532663,0.07632659398306973,0.239329873343198,0.5549863406694657,False
2,Square Exponential,4.276381909547739,0.06354622578773696,0.26183564186224434,0.5872175095122256,False
2,Square Exponential,4.300502512562814,0.051405228808674625,0.2841820686579097,0.619769366124494,False
2,Square Exponential,4.324623115577889,0.03989292009662783,0.30634601260669325,0.6525849453100143,False
2,Square Exponential,4.3487437185929645,0.028997736304350572,0.3283053145719053,0.6856083654481612,False
2,Square Exponential,4.3728643216080405,0.018707311629774286,0.3500387715235834,0.7187848546769411,False
2,Square Exponential,4.396984924623116,0.009008553912861476,0.3715261294016816,0.7520608127162247,False
2,Square Exponential,4.421105527638191,-0.00011228127544035183,0.39274808611590156,0.7853838909563627,False
2,Square Exponential,4.445226130653267,-0.008669518695257936,0.4136862997797048,0.8187030808641517,False
2,Square Exponential,4.469346733668342,-0.016677993776125506,0.4343233992740247,0.8519688047719238,False
2,Square Exponential,4.493467336683417,-0.02415298533966058,0.45464299536051056,0.8851330053813605,False
2,Square Exponential,4.517587939698492,-0.031110150798141927,0.4746296912214731,0.9181492316448042,False
2,Square Exponential,4.541708542713568,-0.03756546390479552,0.4942690917017865,0.9509727194987775,False
2,Square Exponential,4.565829145728643,-0.04353515511658183,0.513547810777209,0.9835604664378362,False
2,Square Exponential,4.589949748743718,-0.04903565461605928,0.5324534769348388,1.0158712992536183,False
2,Square Exponential,4.6140703517587935,-0.05408353802545997,0.5509747362591372,1.0478659344928143,False
2,Square Exponential,4.63819095477387,-0.058695474833493216,0.5691012530914634,1.0795070313494337,False
2,Square Exponential,4.662311557788945,-0.06288817954356599,0.586823708184306,1.1107592368250458,False
2,Square Exponential,4.68643216080402,-0.0666783655410948,0.60413379431088,1.1415892230806652,False
2,Square Exponential,4.710552763819096,-0.07008270166735767,0.6210242093210415,1.1719657169747253,False
2,Square Exponential,4.734673366834171,-0.07311777147790627,0.6374886466585026,1.2018595218390988,False
2,Square Exponential,4.758793969849246,-0.07580003515489844,0.6535217833740385,1.2312435315931787,False
2,Square Exponential,4.782914572864321,-0.07814579403480165,0.6691192656859226,1.2600927373370436,False
2,Square Exponential,4.807035175879397,-0.08017115770575586,0.6842776921531195,1.2883842266004832,False
2,Square Exponential,4.831155778894472,-0.08189201362242113,0.6989945945392683,1.3160971754561155,False
2,Square Exponential,4.8552763819095475,-0.08332399918037296,0.7132684164566222,1.3432128337328715,False
2,Square Exponential,4.8793969849246235,-0.08448247618699471,0.7270984898890608,1.369714503591127,False
2,Square Exponential,4.903517587939699,-0.08538250766134449,0.7404850097022856,1.3955875117432266,False
2,Square Exponential,4.927638190954774,-0.08603883689160233,0.7534290062573975,1.4208191756231927,False
2,Square Exponential,4.951758793969849,-0.08646586867540167,0.7659323162513126,1.4453987638272237,False
2,Square Exponential,4.975879396984925,-0.08667765266559674,0.7779975519139898,1.4693174511623828,False
2,Square Exponential,5.0,-0.08668786874177059,0.7896280686981707,1.492568268654571,False
3,Square Exponential,0.2,4.999441551309114,0.007070600131351854,5.013582751571818,True
3,Square Exponential,0.2241206030150754,4.8982825101800245,0.012419543386522465,4.923121596953069,False
3,Square Exponential,0.24824120603015076,4.793357500706823,0.021105312189822725,4.835568125086469,False
3,Square Exponential,0.2723618090452261,4.684872078400593,0.02973770368591581,4.744347485772424,False
3,Square Exponential,0.2964824120603015,4.5730414168635045,0.03786221964122014,4.648765856145944,False
3,Square Exponential,0.3206030150753769,4.4580897114981575,0.0453638812387924,4.548817473975742,False
3,Square Exponential,0.34472361809045227,4.340249546176347,0.05219796190830298,4.4446454699929525,False
3,Square Exponential,0.3688442211055276,4.21976122513461,0.058342519622089827,4.3364462643787896,False
3,Square Exponential,0.392964824120603,4.096872072544231,0.06378573880686556,4.224443550157963,False
3,Square Exponential,0.4170854271356784,3.971835702372829,0.06852160072221469,4.108878903817258,False
3,Square Exponential,0.44120603015075377,3.8449112613122853,0.07254813757687985,3.9900075364660452,False
3,Square Exponential,0.4653266331658292,3.7163626476924954,0.07586664058232126,3.8680959288571377,False
3,Square Exponential,0.4894472361809045,3.586457709431471,0.0784812662391365,3.743420241909744,False
3,Square Exponential,0.5135678391959799,3.4554674241886625,0.080398824162357,3.6162650725133765,False
3,Square Exponential,0.5376884422110553,3.323665064989508,0.08162865293892954,3.4869223708673673,False
3,Square Exponential,0.5618090452261306,3.1913253546741425,0.08218254051883853,3.3556904357118196,False
3,Square Exponential,0.585929648241206,3.058723612591794,0.08207466794999964,3.2228729484917933,False
3,Square Exponential,0.6100502512562813,2.9261348970136583,0.08132156619932591,3.08877802941231,False
3,Square Exponential,0.6341708542713568,2.7938331467710977,0.07994208185792671,2.953717310486951,False
3,Square Exponential,0.6582914572864322,2.6620903256422226,0.07795735161811333,2.8180050288784493,False
3,Square Exponential,0.6824120603015076,2.5311755730083565,0.07539078912866126,2.681957151265679,False
3,Square Exponential,0.7065326633165829,2.40135436428226,0.07226809246247723,2.5458905492072144,False
3,Square Exponential,0.7306532663316583,2.2728876845727486,0.06861728761847452,2.4101222598096976,False
3,Square Exponential,0.7547738693467336,2.14603121899511,0.06446883615465648,2.2749688913044226,False
3,Square Exponential,0.778894472361809,2.0210345629642443,0.05985585925754335,2.140746281479331,False
3,Square Exponential,0.8030150753768843,1.898140455717881,0.054814579925515264,2.0077696155689115,False
3,Square Exponential,0.8271356783919597,1.7775840402110141,0.04938519262268062,1.8763544254563753,False
3,Square Exponential,0.8512562814070352,1.6595921524005393,0.04361362318185336,1.746819398764246,False
3,Square Exponential,0.8753768844221106,1.5443826428015903,0.03755529458805883,1.619493231977708,False
3,Square Exponential,0.8994974874371859,1.4321637330450265,0.031283890895284716,1.494731514835596,False
3,Square Exponential,0.9236180904522613,1.323133409999743,0.024914273632806593,1.3729619572653562,False
3,Square Exponential,0.9477386934673366,1.2174788598450768,0.01867227110517713,1.254823402055431,False
3,Square Exponential,0.971859296482412,1.1153759442882203,0.01314404049387924,1.1416640252759789,False
3,Square Exponential,0.9959798994974873,1.0169887209207902,0.010063422029365332,1.037115564979521,False
3,Square Exponential,1.0201005025125627,0.9224690094982457,0.011837997789520658,0.946145005077287,False
3,Square Exponential,1.0442211055276382,0.8319560057071431,0.017115512001926788,0.8661870297109967,False
3,Square Exponential,1.0683417085427136,0.7455759437595249,0.023680817626824186,0.7929375790131732,False
3,Square Exponential,1.092462311557789,0.6634418089221237,0.03069594380273646,0.7248336965275965,False
3,Square Exponential,1.1165829145728643,0.5856531008521322,0.03786011493142248,0.6613733307149772,False
3,Square Exponential,1.1407035175879396,0.512295648372143,0.04503144910598692,0.6023585465841169,False
3,Square Exponential,1.164824120603015,0.44344147607598083,0.052123124138783936,0.5476877243535487,False
3,Square Exponential,1.1889447236180903,0.3791487229157684,0.059071081284476114,0.4972908854847206,False
3,Square Exponential,1.2130653266331657,0.31946161268020834,0.0658222348895688,0.4511060824593459,False
3,Square Exponential,1.237185929648241,0.2644104760358301,0.07232958983129792,0.40906965569842596,False
3,Square Exponential,1.2613065326633166,0.21401182356833104,0.07855002918524168,0.3711118819388144,False
3,Square Exponential,1.285427135678392,0.16826846903130965,0.08444325331838583,0.3371549756680813,False
3,Square Exponential,1.3095477386934673,0.12716970178591636,0.08997126014710384,0.307112222080124,False
3,Square Exponential,1.3336683417085426,0.09069150719845176,0.09509809744674455,0.28088770209194086,False
3,Square Exponential,1.357788944723618,0.05879683355469956,0.09978975906492372,0.258376351684547,False
3,Square Exponential,1.3819095477386933,0.0314359038511931,0.10401415995009188,0.23946422375137685,False
3,Square Exponential,1.4060301507537687,0.008546570635202144,0.1077411550644707,0.22402888076414354,False
3,Square Exponential,1.430150753768844,-0.009945288111496975,0.11094258252411912,0.21193987693674127,False
3,Square Exponential,1.4542713567839194,-0.02412533421485419,0.11359231944478315,0.20305930467471212,False
3,Square Exponential,1.478391959798995,-0.03409029799800134,0.11566634351236894,0.19724238902673655,False
3,Square Exponential,1.5025125628140703,-0.039947472877353896,0.11714279595042769,0.19433811902350148,False
3,Square Exponential,1.5266331658291457,-0.04181417844832014,0.11800204319136831,0.19418990793441648,False
3,Square Exponential,1.550753768844221,-0.039817194752580054,0.1182267356372108,0.19663627652184154,False
3,Square Exponential,1.5748743718592964,-0.034092170512706854,0.1178018626856427,0.20151155485857855,False
3,Square Exponential,1.5989949748743717,-0.024783008198126844,0.11671480387017606,0.20864659954222528,False
3,Square Exponential,1.623115577889447,-0.012041228849064556,0.11495537665686112,0.21786952446465768,False
3,Square Exponential,1.6472361809045226,0.003974680368045824,0.11251588230303637,0.22900644497411857,False
3,Square Exponential,1.671356783919598,0.023099932869225848,0.10939115242679656,0.24188223772281897,False
3,Square Exponential,1.6954773869346733,0.04516412060589614,0.10557860091680431,0.2563213224395048,False
3,Square Exponential,1.7195979899497487,0.06999190024263613,0.10107828919960475,0.27214847864184566,False
3,Square Exponential,1.743718592964824,0.09740368455577153,0.09589301901323698,0.2891897225822455,False
3,Square Exponential,1.7678391959798994,0.1272163360793226,0.09002847854455015,0.3072732931684229,False
3,Square Exponential,1.7919597989949747,0.1592438600698558,0.08349349144822525,0.32623084296630633,False
3,Square Exponential,1.81608040201005,0.19329809392070563,0.07630046924420271,0.345899032409111,False
3,Square Exponential,1.8402010050251254,0.2291893902284401,0.06846628606255327,0.36612196235354666,False
3,Square Exponential,1.864321608040201,0.2667272907995497,0.0600140965926825,0.3867554839849147,False
3,Square Exponential,1.8884422110552763,0.3057211889824547,0.05097748151479656,0.4076761520120478,False
3,Square Exponential,1.9125628140703517,0.3459809778183265,0.04141117325510522,0.4288033243285369,False
3,Square Exponential,1.936683417085427,0.38731768162297375,0.03142428736489005,0.45016625635275387,False
3,Square Exponential,1.9608040201005024,0.42954406874039375,0.02131526052638711,0.47217458979316795,False
3,Square Exponential,1.9849246231155777,0.47247524334548396,0.012385717125012938,0.49724667759550983,False
3,Square Exponential,2.0090452261306533,0.5159292143180958,0.011058322108181185,0.5380458585344582,False
3,Square Exponential,2.033165829145729,0.5597274393618332,0.019943673387601373,0.599614786137036,False
3,Square Exponential,2.057286432160804,0.6036953426981684,0.03186295505472695,0.6674212528076223,False
3,Square Exponential,2.0814070351758795,0.6476628048280502,0.04481559979854896,0.7372940044251481,False
3,Square Exponential,2.1055276381909547,0.6914646230187821,0.05838426052536725,0.8082331440695166,False
3,Square Exponential,2.1296482412060302,0.7349409413420344,0.07242098318305278,0.8797829077081399,False
3,Square Exponential,2.1537688442211054,0.7779376492587738,0.08684609061853535,0.9516298304958446,False
3,Square Exponential,2.177889447236181,0.8203067479175343,0.10160271889505393,1.0235121857076421,False
3,Square Exponential,2.2020100502512565,0.8619066835027992,0.11664297951850847,1.0951926425398162,False
3,Square Exponential,2.2261306532663316,0.9026026471395687,0.13192285289184227,1.1664483529232532,False
3,Square Exponential,2.250251256281407,0.9422668410273216,0.1474000526524074,1.2370669463321364,False
3,Square Exponential,2.2743718592964823,0.9807787106408308,0.16303306389081282,1.3068448384224565,False
3,Square Exponential,2.298492462311558,1.018025142995844,0.17878070014179165,1.3755865432794274,False
3,Square Exponential,2.3226130653266335,1.0539006311335435,0.1946019103196102,1.4431044517727638,False
3,Square Exponential,2.3467336683417086,1.0883074051284862,0.21045571447768247,1.509218834083851,False
3,Square Exponential,2.370854271356784,1.1211555300694411,0.22630120949682656,1.5737579490630942,False
3,Square Exponential,2.3949748743718593,1.1523629716008013,0.24209761416682796,1.6365581999344572,False
3,Square Exponential,2.419095477386935,1.1818556297433251,0.2578043369262379,1.697464303595801,False
3,Square Exponential,2.44321608040201,1.2095673418364044,0.27338105662445233,1.756329455085309,False
3,Square Exponential,2.4673366834170856,1.235439855559497,0.28878781050210095,1.8130154765636988,False
3,Square Exponential,2.4914572864321607,1.2594227730972178,0.3039850857443612,1.8673929445859403,False
3,Square Exponential,2.5155778894472363,1.2814734676108,0.31893391222555884,1.9193412920619175,False
3,Square Exponential,2.539698492462312,1.3015569732677024,0.3335959548304464,1.9687488829285953,False
3,Square Exponential,2.563819095477387,1.3196458501610562,0.3479336042194899,2.015513058600036,False
3,Square Exponential,2.5879396984924625,1.3357200255211472,0.3619100652187316,2.0595401559586106,False
3,Square Exponential,2.6120603015075377,1.349766612682194,0.37548944222565217,2.1007454971334982,False
3,Square Exponential,2.636180904522613,1.36177970931935,0.3886368211693485,2.139053351658047,False
3,Square Exponential,2.6603015075376883,1.371760176513019,0.40131834766954877,2.1743968718521165,False
3,Square Exponential,2.684422110552764,1.379715400230517,0.4135013011184764,2.2067180024674697,False
3,Square Exponential,2.708542713567839,1.3856590368388142,0.4251541644712829,2.23596736578138,False
3,Square Exponential,2.7326633165829146,1.3896107442768748,0.4362466895801834,2.2621041234372417,False
3,Square Exponential,2.75678391959799,1.3915959005221559,0.4467499579482318,2.2850958164186195,False
3,Square Exponential,2.7809045226130653,1.3916453109834133,0.4566364368131741,2.3049181846097615,False
3,Square Exponential,2.805025125628141,1.389794906441489,0.4658800305015912,2.3215549674446714,False
3,Square Exponential,2.829145728643216,1.3860854331414894,0.4744561270196348,2.334997687180759,False
3,Square Exponential,2.8532663316582916,1.3805621366141947,0.4823416398697747,2.345245416353744,False
3,Square Exponential,2.8773869346733667,1.3732744407719863,0.48951504510361527,2.3523045309792168,False
3,Square Exponential,2.9015075376884423,1.364275623785632,0.4959564136393087,2.3561884510642495,False
3,Square Exponential,2.925628140703518,1.3536224922032405,0.5016474388886845,2.3569173699806094,False
3,Square Exponential,2.949748743718593,1.3413750547222112,0.5065714597540755,2.354517974230362,False
3,Square Exponential,2.9738693467336685,1.3275961969694516,0.5107134790680875,2.349023155105627,False
3,Square Exponential,2.9979899497487437,1.3123513585851307,0.5140601775613809,2.3404717137078928,False
3,Square Exponential,3.0221105527638192,1.2957082138411908,0.5165999234539552,2.328908060749101,False
3,Square Exponential,3.0462311557788944,1.2777363569583646,0.5183227777745819,2.3143819125075282,False
3,Square Exponential,3.07035175879397,1.2585069932149775,0.5192204955209829,2.2969479842569434,False
3,Square Exponential,3.0944723618090455,1.2380926368679468,0.5192865227801823,2.2766656824283116,False
3,Square Exponential,3.1185929648241206,1.2165668168315404,0.5185159899342778,2.2535987967000963,False
3,Square Exponential,3.142713567839196,1.1940037909832106,0.5169057010817504,2.2278151931467116,False
3,Square Exponential,3.1668341708542713,1.170478269888579,0.5144541198084819,2.1993865095055427,False
3,Square Exponential,3.190954773869347,1.146065150659909,0.5111613514459692,2.1683878535518475,False
3,Square Exponential,3.215075376884422,1.1208392615846878,0.507029121956954,2.134897505498596,False
3,Square Exponential,3.2391959798994976,1.0948751180834588,0.5020607535909263,2.098996625265311,False
3,Square Exponential,3.2633165829145727,1.0682466904795487,0.4962611374539161,2.060768965387381,False
3,Square Exponential,3.2874371859296483,1.0410271839877931,0.4896367031387855,2.0203005902653643,False
3,Square Exponential,3.311557788944724,1.0132888312555481,0.4821953855641432,1.9776796023838346,False
3,Square Exponential,3.335678391959799,0.985102697717138,0.47394658917225474,1.9329958760616475,False
3,Square Exponential,3.3597989949748746,0.9565384999530633,0.46490114963930035,1.886340799231664,False
3,Square Exponential,3.3839195979899497,0.9276644371777909,0.4550712932554778,1.8378070236887465,False
3,Square Exponential,3.4080402010050252,0.8985470359151958,0.44447059413841894,1.7874882241920336,False
3,Square Exponential,3.4321608040201004,0.8692510078588607,0.43311392945206134,1.7354788667629832,False
3,Square Exponential,3.456281407035176,0.8398391208556443,0.42101743281580983,1.6818739864872638,False
3,Square Exponential,3.480402010050251,0.8103720828954633,0.4081984461074589,1.626768975110381,False
3,Square Exponential,3.5045226130653266,0.7809084389380735,0.3946754698908373,1.570259378719748,False
3,Square Exponential,3.528643216080402,0.7515044803590576,0.38046811274003817,1.512440705839134,False
3,Square Exponential,3.5527638190954773,0.7222141667522035,0.3655970397935626,1.4534082463393287,False
3,Square Exponential,3.576884422110553,0.6930890597840494,0.35008392096546337,1.393256901714976,False
3,Square Exponential,3.601005025125628,0.6641782687587273,0.33395137938591263,1.3320810275305526,False
3,Square Exponential,3.6251256281407036,0.6355284075171407,0.3172229408736914,1.2699742892645234,False
3,Square Exponential,3.6492462311557787,0.6071835622642289,0.29992298561581765,1.2070295334958643,False
3,Square Exponential,3.6733668341708543,0.5791852698913014,0.2820767038499179,1.1433386775911372,False
3,Square Exponential,3.69748743718593,0.5515725063373164,0.2637100584097702,1.0789926231568567,False
3,Square Exponential,3.721608040201005,0.5243816845133134,0.24484975888746688,1.014081202288247,False
3,Square Exponential,3.7457286432160806,0.49764666129800567,0.2255232556696218,0.9486931726372493,False
3,Square Exponential,3.7698492462311557,0.4713987530996192,0.20575876890124006,0.8829162909020993,False
3,Square Exponential,3.7939698492462313,0.44566675946932127,0.18558538135429858,0.8168375221779185,False
3,Square Exponential,3.8180904522613064,0.42047699424494583,0.1650332546216807,0.7505435034883072,False
3,Square Exponential,3.842211055276382,0.3958533236999359,0.14413410007903074,0.6841215238579974,False
3,Square Exponential,3.8663316582914575,0.3718172111714718,0.122922223923278,0.6176616590180278,False
3,Square Exponential,3.8904522613065327,0.3483877676433441,0.10143702079497337,0.5512618092332908,False
3,Square Exponential,3.9145728643216082,0.32558180776321594,0.07972972857605604,0.485041264915328,False
3,Square Exponential,3.9386934673366834,0.3034139107802563,0.057885829613325744,0.4191855700069078,False
3,Square Exponential,3.962814070351759,0.2818964858975473,0.036129604787650565,0.3541556954728484,False
3,Square Exponential,3.986934673366834,0.2610398415440631,0.015803122123419118,0.29264608579090134,False
3,Square Exponential,4.011055276381909,0.24085225808311672,0.014426482290579414,0.26970522266427555,False
3,Square Exponential,4.035175879396984,0.22134006348788496,0.03463567628448062,0.2906114160568462,False
3,Square Exponential,4.05929648241206,0.20250771152972186,0.056906036936562064,0.316319785402846,False
3,Square Exponential,4.083417085427135,0.18435786204131432,0.07958060393351016,0.34351906990833464,False
3,Square Exponential,4.107537688442211,0.1668914628341452,0.1024101844193261,0.3717118316727974,False
3,Square Exponential,4.131658291457287,0.15010783286805823,0.12530566624720282,0.4007191653624639,False
3,Square Exponential,4.155778894472362,0.1340047462897879,0.14821624011235637,0.43043722651450067,False
3,Square Exponential,4.179899497487437,0.11857851697698117,0.1711043062986499,0.460787129574281,False
3,Square Exponential,4.204020100502513,0.10382408324439821,0.19393806081411252,0.4917002048726232,False
3,Square Exponential,4.228140703517588,0.08973509238940375,0.21668878404104405,0.5231126604714919,False
3,Square Exponential,4.252261306532663,0.07630398477451644,0.23932970210333948,0.5549633889811953,False
3,Square Exponential,4.276381909547739,0.06352207716549664,0.26183546330108515,0.5871930037676669,False
3,Square Exponential,4.300502512562814,0.0513796450641169,0.28418188400226524,0.6197434130686473,False
3,Square Exponential,4.324623115577889,0.03986600379526742,0.30634582300179036,0.6525576497988481,False
3,Square Exponential,4.3487437185929645,0.028969588128330163,0.3283051210840871,0.6855798302965044,False
3,Square Exponential,4.3728643216080405,0.018678030232672966,0.35003857514304043,0.7187551805187539,False
3,Square Exponential,4.396984924623116,0.008978235786633072,0.37152593104521475,0.7520300978770625,False
3,Square Exponential,4.421105527638191,-0.00014354192162257628,0.39274788662971316,0.7853522313378037,False
3,Square Exponential,4.445226130653267,-0.008701630044499007,0.41368609994221234,0.8186705698399257,False
3,Square Exponential,4.469346733668342,-0.016710866501921214,0.4343231997986894,0.8519355330954576,False
3,Square Exponential,4.493467336683417,-0.024186532692917425,0.4546427968986716,0.8850990611044258,False
3,Square Exponential,4.517587939698492,-0.031144288683416434,0.4746294943651752,0.918114700046934,False
3,Square Exponential,4.541708542713568,-0.03760011094608019,0.494268896986595,0.9509376830271098,False
3,Square Exponential,4.565829145728643,-0.043570232712980946,0.5135476186850004,0.9835250046570199,False
3,Square Exponential,4.589949748743718,-0.049071086987708644,0.5324532878965609,1.015835488805413,False
3,Square Exponential,4.6140703517587935,-0.05411925225005604,0.5509745506575289,1.0478298490650018,False
3,Square Exponential,4.63819095477387,-0.058731400873805684,0.5691010712637279,1.0794707416536502,False
3,Square Exponential,4.662311557788945,-0.0629242502663148,0.5868235304247321,1.1107228105831495,False
3,Square Exponential,4.68643216080402,-0.06671451672757764,0.6041336208734058,1.141552725019234,False
3,Square Exponential,4.710552763819096,-0.07011887201621833,0.6210240404217529,1.1719292088272875,False
3,Square Exponential,4.734673366834171,-0.07315390260043635,0.6374884824780657,1.201823062355695,False
3,Square Exponential,4.758793969849246,-0.07583607156326588,0.6535216240600606,1.2312071765568553,False
3,Square Exponential,4.782914572864321,-0.07818168312359931,0.6691191113552402,1.260056539586881,False
3,Square Exponential,4.807035175879397,-0.0802068497272619,0.6842775428940072,1.2883482360607525,False
3,Square Exponential,4.831155778894472,-0.08192746165596056,0.6989944504135713,1.316061439171182,False
3,Square Exponential,4.8552763819095475,-0.08335915909616592,0.713268277501808,1.34317739590745,False
3,Square Exponential,4.8793969849246235,-0.08451730660487228,0.7270983561201889,1.3696794056355055,False
3,Square Exponential,4.903517587939699,-0.08541696990470798,0.7404848811138972,1.3955527923230864,False
3,Square Exponential,4.927638190954774,-0.08607289493699498,0.7534288828253206,1.4207848707136463,False
3,Square Exponential,4.951758793969849,-0.08649948909805552,0.7659321979343875,1.4453649067707195,False
3,Square Exponential,4.975879396984925,-0.08671080458130877,0.7779974386557109,1.469284072730113,False
3,Square Exponential,5.0,-0.08672052374545511,0.7896279604282488,1.4925353971110424,False
4,Square Exponential,0.2,4.999627684456648,0.00577324811044503,5.011174180677538,True
4,Square Exponential,0.2241206030150754,4.898463572213162,0.011767652639830666,4.921998877492823,False
4,Square Exponential,0.24824120603015076,4.7935333365948045,0.020750033086189,4.835033402767182,False
4,Square Exponential,0.2723618090452261,4.685042543141808,0.029501784432488652,4.744046112006785,False
4,Square Exponential,0.2964824120603015,4.573206375905787,0.03768899232664038,4.648584360559068,False
4,Square Exponential,0.3206030150753769,4.458249041130328,0.0452291078734525,4.548707256877233,False
4,Square Exponential,0.34472361809045227,4.340403133889324,0.052089172210725156,4.444581478310774,False
4,Square Exponential,0.3688442211055276,4.219908969950556,0.05825247658284254,4.336413923116241,False
4,Square Exponential,0.392964824120603,4.097013885312276,0.06370987389052582,4.224433633093328,False
4,Square Exponential,0.4170854271356784,3.9719715060300627,0.06845684528320234,4.108885196596467,False
4,Square Exponential,0.44120603015075377,3.8450409911088324,0.0724923296565121,3.9900256504218565,False
4,Square Exponential,0.4653266331658292,3.716486251379623,0.07581819811740356,3.86812264761443,False
4,Square Exponential,0.4894472361809045,3.58657514741184,0.07843899512639164,3.7434531376646234,False
4,Square Exponential,0.5135678391959799,3.4555786696279465,0.08036179956847901,3.6163022687649047,False
4,Square Exponential,0.5376884422110553,3.3237701038888026,0.08159614273108531,3.4869623893509734,False
4,Square Exponential,0.5618090452261306,3.1914241859027,0.08215395408868209,3.3557320940800643,False
4,Square Exponential,0.585929648241206,3.058816247879822,0.08204952096776981,3.222915289815362,False
4,Square Exponential,0.6100502512562813,2.9262213609050374,0.08129945570641725,3.088820272317872,False
4,Square Exponential,0.6341708542713568,2.7939134765360785,0.07992266826875419,2.953758813073587,False
4,Square Exponential,0.6582914572864322,2.6621645711503215,0.0779403454595945,2.8180452620695107,False
4,Square Exponential,0.6824120603015076,2.5312437965617693,0.07537594110295093,2.681995678767671,False
4,Square Exponential,0.7065326633165829,2.401416640410387,0.07225518588901002,2.545927012188407,False
4,Square Exponential,0.7306532663316583,2.272944099788491,0.06860613261211487,2.4101563650127207,False
4,Square Exponential,0.7547738693467336,2.146081871513795,0.06445926509420086,2.2750004017021968,False
4,Square Exponential,0.778894472361809,2.0210795623861895,0.059847723232490845,2.140775008851171,False
4,Square Exponential,0.8030150753768843,1.8981799226757534,0.05480774594325413,2.0077954145622616,False
4,Square Exponential,0.8271356783919597,1.7776181059832812,0.049379541429747265,1.8763771888427758,False
4,Square Exponential,0.8512562814070352,1.6596209584924528,0.04360904761548954,1.746839053723432,False
4,Square Exponential,0.8753768844221106,1.5444063404952812,0.03755169844182357,1.6195097373789284,False
4,Square Exponential,0.8994974874371859,1.4321824829203997,0.031281188366512204,1.494744859653424,False
4,Square Exponential,0.9236180904522613,1.3231473814279875,0.02491238943991347,1.3729721603078144,False
4,Square Exponential,0.9477386934673366,1.2174882304567216,0.01867114019673699,1.2548305108501956,False
4,Square Exponential,0.971859296482412,1.1153808994177439,0.013143591268658982,1.1416680819550618,False
4,Square Exponential,0.9959798994974873,1.01698945302992,0.010063409221359529,1.037116271472639,False
4,Square Exponential,1.0201005025125627,0.9224657175800983,0.011837777649306148,0.9461412728787106,False
4,Square Exponential,1.0442211055276382,0.8319488946735305,0.017114801508375323,0.8661784976902811,False
4,Square Exponential,1.0683417085427136,0.7455652238136832,0.02367965061634648,0.7929245250463761,False
4,Square Exponential,1.092462311557789,0.6634276949192648,0.030694383150967598,0.7248164612212,False
4,Square Exponential,1.1165829145728643,0.585635811650242,0.037858216239890774,0.6613522441300236,False
4,Square Exponential,1.1407035175879396,0.5122754061754291,0.04502926091376212,0.6023339280029534,False
4,Square Exponential,1.164824120603015,0.4434185057734181,0.05212068975697565,0.5476598852873694,False
4,Square Exponential,1.1889447236180903,0.3791232514172309,0.059068439974686464,0.49726013136660385,False
4,Square Exponential,1.2130653266331657,0.3194338682525846,0.06581942257593214,0.4510727134044489,False
4,Square Exponential,1.237185929648241,0.2643806876415704,0.07232663955560494,0.40903396675278025,False
4,Square Exponential,1.2613065326633166,0.213980220208823,0.07854697141981808,0.3710741630484592,False
4,Square Exponential,1.285427135678392,0.16823527909741776,0.08444011619612371,0.3371155114896652,False
4,Square Exponential,1.3095477386934673,0.12713515241801865,0.08996806964034502,0.3070712916987087,False
4,Square Exponential,1.3336683417085426,0.09065582365817315,0.09509487751285596,0.28084557868388504,False
4,Square Exponential,1.357788944723618,0.05876023861056501,0.09978653176902921,0.25833330214862343,False
4,Square Exponential,1.3819095477386933,0.03139861718023074,0.10401094557151384,0.23942050832325842,False
4,Square Exponential,1.4060301507537687,0.008508808242570165,0.10773797219114875,0.22398475262486767,False
4,Square Exponential,1.430150753768844,-0.009983314453037462,0.11093944813787596,0.21189558182271445,False
4,Square Exponential,1.4542713567839194,-0.024163417503736184,0.113589248999546,0.20301508049535583,False
4,Square Exponential,1.478391959798995,-0.03412823651930186,0.11566335100677934,0.19719846549425682,False
4,Square Exponential,1.5025125628140703,-0.03998507069326784,0.11713989399600117,0.1942947172987345,False
4,Square Exponential,1.5266331658291457,-0.04185124586223843,0.11799924307706226,0.1941472402918861,False
4,Square Exponential,1.550753768844221,-0.03985354874546365,0.11822404739104835,0.19659454603663304,False
4,Square Exponential,1.5748743718592964,-0.03412763515053818,0.11779929513396693,0.20147095511739568,False
4,Square Exponential,1.5989949748743717,-0.02481741500940382,0.11671236469492949,0.20860731438045516,False
4,Square Exponential,1.623115577889447,-0.012074417171436647,0.11495307245128532,0.217831727731134,False
4,Square Exponential,1.6472361809045226,0.003942863072791347,0.11251371862607074,0.22897030032493282,False
4,Square Exponential,1.671356783919598,0.023069630732443613,0.10938913385650485,0.24184789844545332,False
4,Square Exponential,1.6954773869346733,0.045135469102121295,0.10557673110307311,0.2562889313082675,False
4,Square Exponential,1.7195979899497487,0.06996502597271625,0.10107657091650883,0.27211816780573395,False
4,Square Exponential,1.743718592964824,0.09737870506329838,0.09589145421145627,0.28916161348621094,False
4,Square Exponential,1.7678391959798994,0.12719335970042778,0.09002706840459206,0.3072474965096119,False
4,Square Exponential,1.7919597989949747,0.15922298581628658,0.08349223643555652,0.32620745868739964,False
4,Square Exponential,1.81608040201005,0.19327941139597082,0.07629936916839745,0.34587814973276576,False
4,Square Exponential,1.8402010050251254,0.22917297957668525,0.06846534014464352,0.36610365986597226,False
4,Square Exponential,1.864321608040201,0.26671322268668995,0.06001330354948649,0.3867398297856629,False
4,Square Exponential,1.8884422110552763,0.30570952460896694,0.0509768396807488,0.4076632039704645,False
4,Square Exponential,1.9125628140703517,0.34597176896299087,0.041410680794037175,0.4287931305510652,False
4,Square Exponential,1.936683417085427,0.3873109707167486,0.03142394271762102,0.45015885615199064,False
4,Square Exponential,1.9608040201005024,0.4295398889694797,0.021315063424004015,0.47217001581748774,False
4,Square Exponential,1.9849246231155777,0.4724736187825682,0.01238566588273569,0.4972449505480396,False
4,Square Exponential,2.0090452261306533,0.515930160080635,0.01105830265677089,0.5380467653941767,False
4,Square Exponential,2.033165829145729,0.5597309617961888,0.019943523778550055,0.5996180093532889,False
4,Square Exponential,2.057286432160804,0.6037014395882916,0.03186267450609328,0.6674267886004781,False
4,Square Exponential,2.0814070351758795,0.6476714656273858,0.044815197300064655,0.7373018602275151,False
4,Square Exponential,2.1055276381909547,0.6914758291039405,0.05838374328842273,0.8082433156807859,False
4,Square Exponential,2.1296482412060302,0.734954666286808,0.0724203576730945,0.879795381632997,False
4,Square Exponential,2.1537688442211054,0.7779538591269368,0.08684536302962519,0.9516445851861872,False
4,Square Exponential,2.177889447236181,0.8203254015729013,0.10160189532625083,1.023529192225403,False
4,Square Exponential,2.2020100502512565,0.8619277329349381,0.11664206603770785,1.0952118650103537,False
4,Square Exponential,2.2261306532663316,0.902626037803577,0.13192185555406755,1.166469748911712,False
4,Square Exponential,2.250251256281407,0.9422925121960297,0.14739897749813072,1.237090467192291,False
4,Square Exponential,2.2743718592964823,0.9808065957678165,0.16303191693509725,1.306870429638011,False
4,Square Exponential,2.298492462311558,1.0180551700876226,0.17877948735923463,1.375614144806092,False
4,Square Exponential,2.3226130653266335,1.0539327231293145,0.19460063762755397,1.4431339983844225,False
4,Square Exponential,2.3467336683417086,1.0883414802858393,0.21045438771897562,1.5092502557237906,False
4,Square Exponential,2.370854271356784,1.1211915023544339,0.2262998344228755,1.5737911712001849,False
4,Square Exponential,2.3949748743718593,1.152400751080858,0.24209619642133579,1.6365931439235295,False
4,Square Exponential,2.419095477386935,1.1818951229814352,0.2578028820298908,1.6975008870412167,False
4,Square Exponential,2.44321608040201,1.2096084522851476,0.273379569960683,1.7563675922065136,False
4,Square Exponential,2.4673366834170856,1.2354824839534615,0.288786297304023,1.8130550785615074,False
4,Square Exponential,2.4914572864321607,1.2594668178424233,0.30398355108291353,1.8674339200082504,False
4,Square Exponential,2.5155778894472363,1.2815188251698144,0.3189323609988838,1.919383547167582,False
4,Square Exponential,2.539698492462312,1.3016035385391724,0.3335943917545008,1.968792322048174,False
4,Square Exponential,2.563819095477387,1.3196935168524568,0.3479320338198749,2.015557584492207,False
4,Square Exponential,2.5879396984924625,1.335768686513614,0.36190849182372764,2.059585670161069,False
4,Square Exponential,2.6120603015075377,1.3498161603863659,0.37548786996042083,2.1007919003072075,False
4,Square Exponential,2.636180904522613,1.3618300360212396,0.3886352539512772,2.139100543923794,False
4,Square Exponential,2.6603015075376883,1.371811174708978,0.4013167892046889,2.174444753118356,False
4,Square Exponential,2.684422110552764,1.3797669629504576,0.4134997548990403,2.206766472748538,False
4,Square Exponential,2.708542713567839,1.3857110579569207,0.4251526337741499,2.2360163255052203,False
4,Square Exponential,2.7326633165829146,1.389663118809111,0.4362451774663638,2.2621534737418387,False
4,Square Exponential,2.75678391959799,1.3916485249099506,0.44674846726324696,2.2851454594364444,False
4,Square Exponential,2.7809045226130653,1.3916980833629955,0.4566349701882886,2.3049680237395727,False
4,Square Exponential,2.805025125628141,1.3898477268984122,0.46587859035585416,2.3216049076101206,False
4,Square Exponential,2.829145728643216,1.3861382039499566,0.4744547155626674,2.3350476350752913,False
4,Square Exponential,2.8532663316582916,1.380614762460878,0.4823402591052574,2.345295280671393,False
4,Square Exponential,2.8773869346733667,1.373326828964111,0.4895136968334123,2.3523542226309355,False
4,Square Exponential,2.9015075376884423,1.3643276844431527,0.4959550994681796,2.356237883379512,False
4,Square Exponential,2.925628140703518,1.3536741384350268,0.5016461602295254,2.3569664588940773,False
4,Square Exponential,2.949748743718593,1.3414262027862025,0.5065702178336389,2.3545666384534805,False
4,Square Exponential,2.9738693467336685,1.3276467664168294,0.510712274933124,2.3490713162830774,False
4,Square Exponential,2.9979899497487437,1.3124012723886032,0.5140590120851535,2.3405192965589103,False
4,Square Exponential,3.0221105527638192,1.2957573985075495,0.5165987973430736,2.3289549931936966,False
4,Square Exponential,3.0462311557788944,1.2777847426255204,0.5183216915761097,2.3144281257777397,False
4,Square Exponential,3.07035175879397,1.2585545137337537,0.5192194496297655,2.2969934129932845,False
4,Square Exponential,3.0944723618090455,1.2381392298689307,0.5192855174463546,2.2767102647616397,False
4,Square Exponential,3.1185929648241206,1.2166124237773661,0.5185150252709044,2.253642474319175,False
4,Square Exponential,3.142713567839196,1.1940483572066654,0.5169047770725563,2.2278579113517782,False
4,Square Exponential,3.1668341708542713,1.1705217446169771,0.5144532363156341,2.1994282172482453,False
4,Square Exponential,3.190954773869347,1.1461074870262136,0.5111605082178734,2.1684285034619606,False
4,Square Exponential,3.215075376884422,1.1208804166258723,0.5070283186360273,2.134937053897927,False
4,Square Exponential,3.2391959798994976,1.0949150527266642,0.5020599897213139,2.099035032169292,False
4,Square Exponential,3.2633165829145727,1.0682853695165697,0.4962604124891225,2.060806194494815,False
4,Square Exponential,3.2874371859296483,1.0410645760384907,0.48963601644919036,2.0203366089368715,False
4,Square Exponential,3.311557788944724,1.013324908720772,0.4821947364443746,1.9777143816095213,False
4,Square Exponential,3.335678391959799,0.9851374367217747,0.4739459768483994,1.9330293904185734,False
4,Square Exponential,3.3597989949748746,0.9565718802798221,0.4649005732759249,1.8863730268316719,False
4,Square Exponential,3.3839195979899497,0.9276964421923617,0.45507075196244606,1.8378379461172538,False
4,Square Exponential,3.4080402010050252,0.898577652483402,0.4444700869774856,1.787517826438373,False
4,Square Exponential,3.4321608040201004,0.8692802262564447,0.4331134554432285,1.7355071371429016,False
4,Square Exponential,3.456281407035176,0.8398669346713135,0.42101699094343303,1.6819009165581795,False
4,Square Exponential,3.480402010050251,0.8103984889278212,0.40819803532609444,1.6267945595800102,False
4,Square Exponential,3.5045226130653266,0.7809334370870604,0.3946750891308196,1.5702836153486996,False
4,Square Exponential,3.528643216080402,0.7515280735125084,0.3804677609127823,1.512463595338073,False
4,Square Exponential,3.5527638190954773,0.7222363606681215,0.3655967157965883,1.4534297922612982,False
4,Square Exponential,3.576884422110553,0.6931098629691897,0.35008362368713636,1.3932771103434625,False
4,Square Exponential,3.601005025125628,0.6641976923440548,0.3339511077099026,1.33209990776386,False
4,Square Exponential,3.6251256281407036,0.6355464651307248,0.31722269368314765,1.2699918524970202,False
4,Square Exponential,3.6492462311557787,0.6072002699021106,0.2999227617972673,1.2070457934966452,False
4,Square Exponential,3.6733668341708543,0.5792006457868537,0.2820765022968861,1.1433536503806259,False
4,Square Exponential,3.69748743718593,0.5515865708295956,0.2637098780261362,1.079006326881868,False
4,Square Exponential,3.721608040201005,0.5243944599148825,0.24484959859055994,1.0140936570960024,False
4,Square Exponential,3.7457286432160806,0.49765817176268323,0.22552311439307288,0.948704400548829,False
4,Square Exponential,3.7698492462311557,0.4714090244905877,0.20575864559761162,0.8829263156858109,False
4,Square Exponential,3.7939698492462313,0.44567581922800725,0.1855852749975183,0.8168463692230439,False
4,Square Exponential,3.8180904522613064,0.4204848712610559,0.1650331642093465,0.7505511996797489,False
4,Square Exponential,3.842211055276382,0.3958600481830125,0.14413402463467748,0.6841280974523675,False
4,Square Exponential,3.8663316582914575,0.37182281452430854,0.1229221624988388,0.6176671395219862,False
4,Square Exponential,3.8904522613065327,0.348392282337573,0.10143697247398041,0.5512662272855339,False
4,Square Exponential,3.9145728643216082,0.32558526721735964,0.07972969247910439,0.4850446521755684,False
4,Square Exponential,3.9386934673366834,0.30341634924051103,0.05788580491117672,0.4191879590628645,False
4,Square Exponential,3.962814070351759,0.2818979383215401,0.03612959074661305,0.35415711981476616,False
4,Square Exponential,3.986934673366834,0.26104034348780475,0.015803118289497542,0.29264658006679983,False
4,Square Exponential,4.011055276381909,0.2408518455913464,0.014426479454325798,0.269704804499998,False
4,Square Exponential,4.035175879396984,0.2213387729879845,0.03463566472154655,0.2906101024310776,False
4,Square Exponential,4.05929648241206,0.20250557972935093,0.056906017731735155,0.31631761519282126,False
4,Square Exponential,4.083417085427135,0.18435492582990257,0.0795805778813898,0.34351608159268215,False
4,Square Exponential,4.107537688442211,0.16688775918835203,0.10241015220927828,0.37170806360690856,False
4,Square Exponential,4.131658291457287,0.1501033987612958,0.12530562851456134,0.4007146557904185,False
4,Square Exponential,4.155778894472362,0.13399961860587975,0.14821619745221234,0.43043201351030447,False
4,Square Exponential,4.179899497487437,0.11857273242801607,0.17110425927095588,0.46078125096992784,False
4,Square Exponential,4.204020100502513,0.10381767829281736,0.19393800994615845,0.49169369818513425,False
4,Square Exponential,4.228140703517588,0.08972810317434618,0.21668872982897416,0.5231055628322945,False
4,Square Exponential,4.252261306532663,0.07629644704242985,0.23932964501329163,0.5549557370690131,False
4,Square Exponential,4.276381909547739,0.06351402620500958,0.26183540377017334,0.5871848337453562,False
4,Square Exponential,4.300502512562814,0.05137111564515061,0.2841818224395012,0.619734760524153,False
4,Square Exponential,4.324623115577889,0.039857030112356834,0.3063457597889826,0.652548549690322,False
4,Square Exponential,4.3487437185929645,0.02896020374810886,0.32830505657674636,0.6855703169016015,False
4,Square Exponential,4.3728643216080405,0.018668268045467305,0.3500385096712894,0.7187452873880461,False
4,Square Exponential,4.396984924623116,0.008968127962100586,0.3715258649147074,0.7520198577915154,False
4,Square Exponential,4.421105527638191,-0.00015396397488542674,0.39274782012256615,0.7853416762702469,False
4,Square Exponential,4.445226130653267,-0.008712335715462491,0.4136860333179444,0.8186597309204263,False
4,Square Exponential,4.469346733668342,-0.016721826009832238,0.4343231332951635,0.8519244405804948,False
4,Square Exponential,4.493467336683417,-0.02419771711631136,0.45464273073303796,0.8850877443497646,False
4,Square Exponential,4.517587939698492,-0.031155669985534665,0.4746294287348175,0.9181031874841004,False
4,Square Exponential,4.541708542713568,-0.037611661996802666,0.49426883207006633,0.95092600214333,False
4,Square Exponential,4.565829145728643,-0.043581927307388024,0.513547554642955,0.9835131819785219,False
4,Square Exponential,4.589949748743718,-0.04908289986139034,0.5324532248726727,1.015823549883955,False
4,Square Exponential,4.6140703517587935,-0.05413115909129058,0.5509744887794003,1.04781781846751,False
4,Square Exponential,4.63819095477387,-0.05874337833273207,0.5691010106437798,1.0794586429548276,False
4,Square Exponential,4.662311557788945,-0.06293627596122608,0.5868234711610781,1.11071066636093,False
4,Square Exponential,4.68643216080402,-0.06672656924846421,0.6041335630507068,1.1415405568529493,False
4,Square Exponential,4.710552763819096,-0.07013093092569077,0.62102398411205,1.1719170372984091,False
4,Square Exponential,4.734673366834171,-0.07316594843215907,0.6374884277415914,1.2018109070510237,False
4,Square Exponential,4.758793969849246,-0.07584808581803262,0.6535215709460267,1.2311950560740208,False
4,Square Exponential,4.782914572864321,-0.07819364826318163,0.669119059902598,1.2600444715420145,False
4,Square Exponential,4.807035175879397,-0.08021874916616105,0.6842774931321872,1.2883362370982134,False
4,Square Exponential,4.831155778894472,-0.08193927975119306,0.6989944023631924,1.3160495249751918,False
4,Square Exponential,4.8552763819095475,-0.08337088113521063,0.7132682311753611,1.3431655812155117,False
4,Square Exponential,4.8793969849246235,-0.08452891879190676,0.727098311522695,1.3696677042534833,False
4,Square Exponential,4.903517587939699,-0.08542845934525879,0.7404848382435362,1.3955412171418136,False
4,Square Exponential,4.927638190954774,-0.08608424962112536,0.7534288416740338,1.4207734337269422,False
4,Square Exponential,4.951758793969849,-0.08651069788221097,0.7659321584884523,1.4453536190946936,False
4,Square Exponential,4.975879396984925,-0.08672185716893929,0.777997400896289,1.4692729446236388,False
4,Square Exponential,5.0,-0.08673141066652879,0.7896279243319062,1.4925244379972837,False
5,Square Exponential,0.2,4.9997207571860445,0.004999834641774979,5.0097204264695945,True
5,Square Exponential,0.2241206030150754,4.8985541092176526,0.011427747921934187,4.921409605061521,False
5,Square Exponential,0.24824120603015076,4.793621260353882,0.020570080615396353,4.834761421584675,False
5,Square Exponential,0.2723618090452261,4.6851277811498715,0.02938310661933119,4.743893994388534,False
5,Square Exponential,0.2964824120603015,4.573288860882306,0.037602073652886654,4.648493008188079,False
5,Square Exponential,0.3206030150753769,4.45832871121562,0.04516156589664146,4.548651843008902,False
5,Square Exponential,0.34472361809045227,4.340479932825128,0.052034688463600494,4.444549309752329,False
5,Square Exponential,0.3688442211055276,4.219982847244614,0.058207399846803766,4.336397646938221,False
5,Square Exponential,0.392964824120603,4.097084796386205,0.06367190502311687,4.224428606432438,False
5,Square Exponential,0.4170854271356784,3.9720394123498592,0.06842444243895045,4.10888829722776,False
5,Square Exponential,0.44120603015075377,3.8451058602974126,0.07246440773175893,3.9900346757609304,False
5,Square Exponential,0.4653266331658292,3.7165480573109004,0.07579396367142309,3.8681359846537466,False
5,Square Exponential,0.4894472361809045,3.5866338702858296,0.07841784962647995,3.7434695695387896,False
5,Square Exponential,0.5135678391959799,3.4556342960266004,0.08034327964826597,3.6163208553231323,False
5,Square Exponential,0.5376884422110553,3.3238226268122046,0.08157988169325013,3.4869823901987047,False
5,Square Exponential,0.5618090452261306,3.191473604785439,0.08213965619712288,3.3557529171796845,False
5,Square Exponential,0.585929648241206,3.058862568587386,0.08203694375412568,3.2229364560956375,False
5,Square Exponential,0.6100502512562813,2.926264595710182,0.08128839747327342,3.0888413906567287,False
5,Square Exponential,0.6341708542713568,2.793953644075164,0.07991295906339894,2.953779562201962,False
5,Square Exponential,0.6582914572864322,2.662201696359752,0.07793184042615424,2.8180653772120605,False
5,Square Exponential,0.6824120603015076,2.5312779105947047,0.0753685155020291,2.682014941598763,False
5,Square Exponential,0.7065326633165829,2.4014477805339913,0.07224873131074935,2.54594524315549,False
5,Square Exponential,0.7306532663316583,2.272972309262077,0.06860055405975567,2.4101734173815883,False
5,Square Exponential,0.7547738693467336,2.1461071994482737,0.0644544787144361,2.275016156877146,False
5,Square Exponential,0.778894472361809,2.021102063585343,0.05984365453606518,2.1407893726574736,False
5,Square Exponential,0.8030150753768843,1.8981996574599065,0.05480432840651481,2.007808314272936,False
5,Square Exponential,0.8271356783919597,1.7776351399960086,0.04937671540382829,1.8763885708036652,False
5,Square Exponential,0.8512562814070352,1.6596353624910587,0.0436067595009342,1.746848881492927,False
5,Square Exponential,0.8753768844221106,1.5444181901258367,0.03754990012061459,1.6195179903670658,False
5,Square Exponential,0.8994974874371859,1.4321918584781654,0.031279836925182956,1.4947515323285314,False
5,Square Exponential,0.9236180904522613,1.323154367604161,0.024911447227698225,1.3729772620595575,False
5,Square Exponential,0.9477386934673366,1.2174929160724397,0.018670574679426306,1.2548340654312924,False
5,Square Exponential,0.971859296482412,1.1153833771463795,0.013143366635451797,1.141670110417283,False
5,Square Exponential,0.9959798994974873,1.0169898191086952,0.010063402816906465,1.037116624742508,False
5,Square Exponential,1.0201005025125627,0.9224640715121615,0.011837667570388146,0.9461394066529377,False
5,Square Exponential,1.0442211055276382,0.831945338921559,0.01711444622704588,0.8661742313756507,False
5,Square Exponential,1.0683417085427136,0.745559863486243,0.023679067050961296,0.7929179975881656,False
5,Square Exponential,1.092462311557789,0.6634206374510712,0.030693602743704078,0.7248078429384793,False
5,Square Exponential,1.1165829145728643,0.5856271664775259,0.037857266795625226,0.6613417000687764,False
5,Square Exponential,1.1407035175879396,0.5122652844076379,0.04502816670540168,0.6023216178184412,False
5,Square Exponential,1.164824120603015,0.44340701986248443,0.052119472442915336,0.5476459647483151,False
5,Square Exponential,1.1889447236180903,0.3791105148255933,0.05906711918814554,0.49724475320188444,False
5,Square Exponential,1.2130653266331657,0.31941999512123664,0.06581801628104048,0.4510560276833176,False
5,Square Exponential,1.237185929648241,0.26436579245930836,0.07232516427505549,0.4090161210094193,False
5,Square Exponential,1.2613065326633166,0.21396441748391015,0.07854544239133918,0.3710553022665885,False
5,Square Exponential,1.285427135678392,0.1682186830328456,0.08443854748753188,0.33709577800790935,False
5,Square Exponential,1.3095477386934673,0.12711787659148466,0.0899664742390211,0.30705082506952686,False
5,Square Exponential,1.3336683417085426,0.09063798070794182,0.0950932673985347,0.2808245155050112,False
5,Square Exponential,1.357788944723618,0.058741939928263376,0.09978491797520467,0.2583117758786727,False
5,Square Exponential,1.3819095477386933,0.03137997261164194,0.10400933823866648,0.2393986490889749,False
5,Square Exponential,1.4060301507537687,0.008489925797413589,0.10773638061396094,0.22396268702533548,False
5,Square Exponential,1.430150753768844,-0.01000232888137842,0.11093788080788626,0.2118734327343941,False
5,Square Exponential,1.4542713567839194,-0.02418246040763372,0.1135877136442571,0.20299296688088048,False
5,Square Exponential,1.478391959798995,-0.03414720703461982,0.1156618546259816,0.19717650221734337,False
5,Square Exponential,1.5025125628140703,-0.04000387084462376,0.11713844289585565,0.19427301494708754,False
5,Square Exponential,1.5266331658291457,-0.04186978079505477,0.1179978429023838,0.19412590500971283,False
5,Square Exponential,1.550753768844221,-0.03987172694416885,0.11822270315613831,0.19657367936810777,False
5,Square Exponential,1.5748743718592964,-0.034145368642304996,0.11779801125222972,0.20145065386215444,False
5,Square Exponential,1.5989949748743717,-0.02483461955291144,0.11671114500752444,0.20858767046213744,False
5,Square Exponential,1.623115577889447,-0.012091012430193837,0.11495192025497374,0.21781282807975363,False
5,Square Exponential,1.6472361809045226,0.0039269533729325845,0.11251263670042923,0.22895222677379104,False
5,Square Exponential,1.671356783919598,0.023054478661930333,0.10938812449062985,0.24183072764319002,False
5,Square Exponential,1.6954773869346733,0.045121142402698156,0.10557579612195181,0.2562727346466018,False
5,Square Exponential,1.7195979899497487,0.06995158794899548,0.10107571170717909,0.2721030113633537,False
5,Square Exponential,1.743718592964824,0.09736621449096428,0.09589067174923906,0.28914755798944236,False
5,Square Exponential,1.7678391959798994,0.12718187075112775,0.09002636327969428,0.3072345973105163,False
5,Square Exponential,1.7919597989949747,0.1592125479991694,0.08349160888063928,0.32619576576044795,False
5,Square Exponential,1.81608040201005,0.1932700695157531,0.07629881908816372,0.34586770769208053,False
5,Square Exponential,1.8402010050251254,0.22916477370809207,0.0684648671495048,0.36609450800710164,False
5,Square Exponential,1.864321608040201,0.2667061881650138,0.06001290699772966,0.3867320021604731,False
5,Square Exponential,1.8884422110552763,0.3057036920364714,0.050976518739466924,0.40765672951540527,False
5,Square Exponential,1.9125628140703517,0.345967164230778,0.041410434545013745,0.4287880333208055,False
5,Square Exponential,1.936683417085427,0.3873076150416993,0.031423770381172215,0.45015515580404375,False
5,Square Exponential,1.9608040201005024,0.4295377989457947,0.021314964865610346,0.4721677286770154,False
5,Square Exponential,1.9849246231155777,0.4724728064473852,0.01238564025982565,0.4972440869670365,False
5,Square Exponential,2.0090452261306533,0.5159306329931825,0.011058292930427939,0.5380472188540384,False
5,Square Exponential,2.033165829145729,0.5597327231298588,0.019943448968672686,0.5996196210672041,False
5,Square Exponential,2.057286432160804,0.6037044882349869,0.0318625342215746,0.6674295566781361,False
5,Square Exponential,2.0814070351758795,0.6476757963134769,0.04481499603615486,0.7373057883857866,False
5,Square Exponential,2.1055276381909547,0.6914814325171191,0.05838348465112954,0.8082484018193782,False
5,Square Exponential,2.1296482412060302,0.7349615292130961,0.07242004489540109,0.8798016190038983,False
5,Square Exponential,2.1537688442211054,0.7779619645970988,0.0868449992088216,0.951651963014742,False
5,Square Exponential,2.177889447236181,0.8203347290174827,0.10160148351210674,1.0235376960416962,False
5,Square Exponential,2.2020100502512565,0.8619382583471368,0.11664160926441416,1.0952214768759652,False
5,Square Exponential,2.2261306532663316,0.9026377339091363,0.13192135684937203,1.1664804476078803,False
5,Square Exponential,2.250251256281407,0.9423053486293584,0.14739843988249535,1.2371022283943491,False
5,Square Exponential,2.2743718592964823,0.9808205392535025,0.16303134341628242,1.3068832260860674,False
5,Square Exponential,2.298492462311558,1.0180701846265416,0.17877888092476266,1.375627946476067,False
5,Square Exponential,2.3226130653266335,1.0539487701885186,0.19460000123631566,1.44314877266115,False
5,Square Exponential,2.3467336683417086,1.0883585189914196,0.21045372429260792,1.5092659675766353,False
5,Square Exponential,2.370854271356784,1.1212094896865745,0.2262991468372916,1.5738077833611577,False
5,Square Exponential,2.3949748743718593,1.1524196420702966,0.24209548749859,1.6366106170674766,False
5,Square Exponential,2.419095477386935,1.1819148709065757,0.2578021545305235,1.6975191799676228,False
5,Square Exponential,2.44321608040201,1.2096290088690886,0.2733788265766008,1.7563866620222903,False
5,Square Exponential,2.4673366834170856,1.2355037995602123,0.2887855406519666,1.8130748808641455,False
5,Square Exponential,2.4914572864321607,1.259488841671635,0.303982783698531,1.867454409068697,False
5,Square Exponential,2.5155778894472363,1.2815415054493466,0.31893158533141597,1.9194046761121786,False
5,Square Exponential,2.539698492462312,1.3016268227148726,0.33359361016208855,1.9688140430390497,False
5,Square Exponential,2.563819095477387,1.3197173517745484,0.34793124856547436,2.0155798489054972,False
5,Square Exponential,2.5879396984924625,1.3357930186191205,0.3619077050716263,2.059608428762373,False
5,Square Exponential,2.6120603015075377,1.3498409358770496,0.37548708377333967,2.100815103423729,False
5,Square Exponential,2.636180904522613,1.3618552010365448,0.3886344702880418,2.1391241416126285,False
5,Square Exponential,2.6603015075376883,1.3718366754935243,0.4013160099184489,2.174468695330422,False
5,Square Exponential,2.684422110552764,1.3797927460156643,0.4134989817360191,2.2067907094877026,False
5,Square Exponential,2.708542713567839,1.3857370702363712,0.4251518683728944,2.2360408069821602,False
5,Square Exponential,2.7326633165829146,1.3896893078073134,0.43624442135748154,2.2621781505222764,False
5,Square Exponential,2.75678391959799,1.3916748388441946,0.44674772186959033,2.2851702825833753,False
5,Square Exponential,2.7809045226130653,1.3917244712980286,0.4566342368255765,2.3049929449491815,False
5,Square Exponential,2.805025125628141,1.3898741388737057,0.46587787023368904,2.3216298793410837,False
5,Square Exponential,2.829145728643216,1.3861645910993796,0.47445400978593044,2.3350726106712405,False
5,Square Exponential,2.8532663316582916,1.3806410771246151,0.4823395686758534,2.345320214476322,False
5,Square Exponential,2.8773869346733667,1.3733530247927086,0.48951302265232965,2.352379070097368,False
5,Square Exponential,2.9015075376884423,1.3643537164936168,0.4959544423378479,2.3562626011693126,False
5,Square Exponential,2.925628140703518,1.3536999632589182,0.5016455208564369,2.3569910049717917,False
5,Square Exponential,2.949748743718593,1.3414517785097213,0.5065695968312067,2.3545909721721348,False
5,Square Exponential,2.9738693467336685,1.3276720528129062,0.5107116728247549,2.349095398462416,False
5,Square Exponential,2.9979899497487437,1.3124262309410453,0.5140584293075049,2.3405430895560553,False
5,Square Exponential,3.0221105527638192,1.2957819924673206,0.5165982342494706,2.328978460966262,False
5,Square Exponential,3.0462311557788944,1.277808937059266,0.518321148440098,2.314451233939462,False
5,Square Exponential,3.07035175879397,1.258578275564697,0.5192189266487778,2.2970161288622526,False
5,Square Exponential,3.0944723618090455,1.2381625279103048,0.5192850147454635,2.276732557401232,False
5,Square Exponential,3.1185929648241206,1.2166352287585518,0.5185145429066426,2.2536643145718367,False
5,Square Exponential,3.142713567839196,1.194070641792247,0.5169043150367816,2.2278792718658105,False
5,Square Exponential,3.1668341708542713,1.170543483418934,0.5144527945394229,2.1994490724977798,False
5,Square Exponential,3.190954773869347,1.146128656609476,0.5111600865754172,2.1684488297603104,False
5,Square Exponential,3.215075376884422,1.1209009955075078,0.5070279169485198,2.1349568294045476,False
5,Square Exponential,3.2391959798994976,1.0949350213689497,0.5020596077608099,2.0990542368905696,False
5,Square Exponential,3.2633165829145727,1.0683047103142387,0.496260049982353,2.0608248102789446,False
5,Square Exponential,3.2874371859296483,1.0410832733004358,0.48963567308132194,2.0203546194630797,False
5,Square Exponential,3.311557788944724,1.013342948646506,0.4821944118626956,1.9777317723718972,False
5,Square Exponential,3.335678391959799,0.9851548073729506,0.47394567066592486,1.9330461487048003,False
5,Square Exponential,3.3597989949748746,0.9565885715471263,0.46490028507490844,1.8863891416969432,False
5,Square Exponential,3.3839195979899497,0.9277124457580885,0.45507048129778743,1.8378534083536633,False
5,Square Exponential,3.4080402010050252,0.8985929617800289,0.4444698333800296,1.787532628540088,False
5,Square Exponential,3.4321608040201004,0.8692948364215215,0.4331132184229418,1.735521273267405,False
5,Square Exponential,3.456281407035176,0.8398808424989815,0.4210167699924574,1.6819143824838965,False
5,Square Exponential,3.480402010050251,0.8104116928172769,0.40819782992167203,1.626807352660621,False
5,Square Exponential,3.5045226130653266,0.7809459369882708,0.3946748987380806,1.570295734464432,False
5,Square Exponential,3.528643216080402,0.7515398708694854,0.3804675849873968,1.5124750408442789,False
5,Square Exponential,3.5527638190954773,0.7222474583600581,0.36559655378727884,1.4534405659346157,False
5,Square Exponential,3.576884422110553,0.6931202652497442,0.3500834750380469,1.393287215325838,False
5,Square Exponential,3.601005025125628,0.664207404779078,0.33395097186283024,1.3321093485047384,False
5,Square Exponential,3.6251256281407036,0.6355554945347021,0.3172225700796287,1.2700006346939594,False
5,Square Exponential,3.6492462311557787,0.6072086242735917,0.2999226498805276,1.2070539240346467,False
5,Square Exponential,3.6733668341708543,0.5792083342431278,0.28207640151365054,1.1433611372704289,False
5,Square Exponential,3.69748743718593,0.5515936035408635,0.2637097878283081,1.0790131791974797,False
5,Square Exponential,3.721608040201005,0.5244008480381639,0.24484951843676686,1.0140998849116976,False
5,Square Exponential,3.7457286432160806,0.49766392737568577,0.22552304375009316,0.948710014875872,False
5,Square Exponential,3.7698492462311557,0.47141416052575835,0.20575858394169144,0.8829313284091412,False
5,Square Exponential,3.7939698492462313,0.4456803494069665,0.18558522181558787,0.8168507930381422,False
5,Square Exponential,3.8180904522613064,0.4204888100296125,0.16503311900017106,0.7505550480299547,False
5,Square Exponential,3.842211055276382,0.395863410646937,0.14413398690999052,0.684131384466918,False
5,Square Exponential,3.8663316582914575,0.37182561638603606,0.12292213178457709,0.6176698799551903,False
5,Square Exponential,3.8904522613065327,0.3483945398339935,0.1014369483118757,0.5512684364577449,False
5,Square Exponential,3.9145728643216082,0.3255869970588396,0.07972967442942908,0.48504634591769774,False
5,Square Exponential,3.9386934673366834,0.3034175685512812,0.05788579255927642,0.41918915366983406,False
5,Square Exponential,3.962814070351759,0.2818986645815699,0.036129583725625934,0.3541578320328218,False
5,Square Exponential,3.986934673366834,0.2610405944762756,0.015803116372418727,0.292646827221113,False
5,Square Exponential,4.011055276381909,0.24085163933181988,0.014426478036094889,0.26970459540400965,False
5,Square Exponential,4.035175879396984,0.22133812769535618,0.034635658939699825,0.2906094455747558,False
5,Square Exponential,4.05929648241206,0.2025045137586646,0.05690600812868471,0.316316530016034,False
5,Square Exponential,4.083417085427135,0.184353457627093,0.07958056485446774,0.34351458733602847,False
5,Square Exponential,4.107537688442211,0.16688590724297195,0.10241013610318625,0.3717061794493445,False
5,Square Exponential,4.131658291457287,0.1501011815612739,0.1253056096469895,0.4007124008552529,False
5,Square Exponential,4.155778894472362,0.13399705459434758,0.14821617612072358,0.4304294068357947,False
5,Square Exponential,4.179899497487437,0.11856983996223226,0.17110423575554856,0.46077831147332937,False
5,Square Exponential,4.204020100502513,0.10381447560520832,0.19393798451049452,0.4916904446261974,False
5,Square Exponential,4.228140703517588,0.08972460833567648,0.21668870272114113,0.5231020137779587,False
5,Square Exponential,4.252261306532663,0.07629267792710553,0.23932961646637424,0.554951910859854,False
5,Square Exponential,4.276381909547739,0.06351000045851198,0.26183537400274404,0.587180748464,False
5,Square Exponential,4.300502512562814,0.05136685065359034,0.28418179165607826,0.6197304339657469,False
5,Square Exponential,4.324623115577889,0.039852542974132106,0.3063457281804836,0.6525439993350993,False
5,Square Exponential,4.3487437185929645,0.02895551124764656,0.3283050243209385,0.6855655598895236,False
5,Square Exponential,4.3728643216080405,0.018663386629018286,0.35003847693324425,0.7187403404955068,False
5,Square Exponential,4.396984924623116,0.008963073715557516,0.3715258318472625,0.7520147374100825,False
5,Square Exponential,4.421105527638191,-0.00015917534618556302,0.3927477868667898,0.785336398387394,False
5,Square Exponential,4.445226130653267,-0.008717688904992468,0.41368600000360367,0.8186543111022149,False
5,Square Exponential,4.469346733668342,-0.01672730612623065,0.43432310004119695,0.8519188939561633,False
5,Square Exponential,4.493467336683417,-0.024203309697889478,0.4546426976480294,0.8850820855981693,False
5,Square Exponential,4.517587939698492,-0.03116136101298593,0.47462939591746495,0.918097430821944,False
5,Square Exponential,4.541708542713568,-0.03761743790416977,0.4942687996096518,0.9509201613151339,False
5,Square Exponential,4.565829145728643,-0.04358777499134457,0.5135475226198112,0.9835072702482778,False
5,Square Exponential,4.589949748743718,-0.049088806688895835,0.5324531933586416,1.0158175800283873,False
5,Square Exponential,4.6140703517587935,-0.05413711290568015,0.5509744578382869,1.0478118027708936,False
5,Square Exponential,4.63819095477387,-0.058749367458302955,0.5691009803317987,1.0794525932052943,False
5,Square Exponential,4.662311557788945,-0.06294228920638462,0.5868234415272887,1.1107045938481928,False
5,Square Exponential,4.68643216080402,-0.06673259590749757,0.6041335341374429,1.1415344723673881,False
5,Square Exponential,4.710552763819096,-0.07013696077922833,0.6210239559553342,1.17191095113144,False
5,Square Exponential,4.734673366834171,-0.07317197174638929,0.6374884003715424,1.2018048289966956,False
5,Square Exponential,4.758793969849246,-0.0758540933427406,0.6535215443872512,1.2311889954317619,False
5,Square Exponential,4.782914572864321,-0.07819963122867306,0.6691190341745739,1.2600384371204747,False
5,Square Exponential,4.807035175879397,-0.08022469927913811,0.6842774682496303,1.2883302372201224,False
5,Square Exponential,4.831155778894472,-0.08194518918964669,0.6989943783364125,1.3160435674831783,False
5,Square Exponential,4.8552763819095475,-0.08337674254239365,0.7132682080106045,1.3431596734788154,False
5,Square Exponential,4.8793969849246235,-0.08453472526945176,0.7270982892224721,1.3696618531754925,False
5,Square Exponential,4.903517587939699,-0.0854342044455026,0.7404848168069368,1.395535429168371,False
5,Square Exponential,4.927638190954774,-0.08608992733870241,0.7534288210970284,1.4207677148553544,False
5,Square Exponential,4.951758793969849,-0.08651630264497548,0.7659321387641795,1.4453479748833835,False
5,Square Exponential,4.975879396984925,-0.08672738382827574,0.7779973820153285,1.4692673802023812,False
5,Square Exponential,5.0,-0.08673685448710806,0.7896279062825405,1.492518958077973,False
